"alt","bio1","bio10","bio11","bio12","bio13","bio14","bio15","bio16","bio17","bio18","bio19","bio2","bio3","bio4","bio5","bio6","bio7","bio8","bio9"
79,263,270,255,2674,382,32,62,1121,126,157,1082,82,75,586,325,217,108,259,270
286,249,254,245,2078,320,14,63,925,70,474,910,125,76,370,332,169,163,245,247
213,250,253,247,2027,312,28,62,908,101,297,156,126,80,269,328,172,156,249,249
357,250,256,244,2394,389,9,70,1091,41,372,1091,141,69,554,355,153,202,244,247
334,258,268,251,2058,393,55,58,940,183,183,564,102,79,688,335,206,129,253,268
NA,NA,NA,NA,NA,NA,NA,NA,NA,NA,NA,NA,NA,NA,NA,NA,NA,NA,NA,NA
369,258,266,254,1522,253,4,78,727,14,170,46,123,74,506,341,175,166,255,258
331,252,258,247,2409,398,11,69,1086,51,340,1085,134,68,549,354,157,197,248,249
316,247,250,243,2010,301,14,66,888,56,496,98,131,77,325,333,163,170,247,243
387,253,260,250,1417,226,9,68,650,43,165,650,116,72,444,334,175,159,250,255
5,269,276,260,2633,415,14,70,1200,72,72,1143,76,78,606,326,229,97,262,276
211,253,258,248,1945,340,26,72,966,93,141,955,103,84,387,315,193,122,249,255
88,264,272,259,2111,339,61,60,941,197,226,941,95,80,543,328,210,118,259,266
383,252,260,245,1937,404,28,64,903,137,137,477,99,79,607,325,201,124,248,260
190,252,259,247,1855,331,39,66,901,139,161,809,93,80,503,312,197,115,248,258
161,252,258,247,1516,267,28,69,749,95,157,749,98,81,447,314,194,120,247,255
320,252,258,246,2379,388,6,72,1114,35,643,68,143,70,551,357,153,204,249,247
339,252,260,244,2252,358,51,51,929,184,254,742,93,80,615,319,204,115,247,260
78,273,282,267,2094,381,39,60,939,157,157,910,84,80,586,333,229,104,268,282
NA,NA,NA,NA,NA,NA,NA,NA,NA,NA,NA,NA,NA,NA,NA,NA,NA,NA,NA,NA
227,260,265,256,1375,305,12,87,791,53,125,143,110,80,370,329,192,137,259,261
275,255,261,251,2385,385,12,69,1072,55,333,111,130,67,501,353,160,193,252,252
214,259,266,252,2037,328,43,57,893,163,325,879,103,79,497,325,195,130,254,261
23,269,273,264,2659,394,61,56,1154,212,279,1102,96,87,347,328,218,110,266,272
223,249,254,245,1822,300,22,64,848,108,209,848,112,83,340,317,183,134,245,249
37,270,273,266,2407,446,39,77,1294,140,140,1178,103,88,275,330,214,116,268,273
136,270,279,264,2471,390,106,47,1085,331,331,769,94,80,611,338,221,117,265,279
15,270,274,265,2651,438,41,65,1269,153,227,1192,93,88,334,325,220,105,267,273
238,257,265,249,2425,323,63,46,954,224,267,835,87,81,611,319,212,107,252,264
166,252,259,247,2156,399,33,76,1124,126,141,1017,96,80,455,313,194,119,248,257
261,257,265,250,2378,333,51,51,973,198,222,819,88,80,598,320,211,109,253,265
337,260,270,253,2096,406,58,59,960,199,199,541,103,77,675,339,206,133,255,270
235,263,266,257,1760,282,4,71,791,29,455,60,129,75,386,348,176,172,263,258
137,266,271,262,2093,306,32,56,908,124,447,908,106,68,414,342,188,154,262,263
259,255,262,249,2351,405,10,70,1090,54,330,101,136,68,593,356,158,198,252,251
383,258,264,254,2087,351,4,77,1009,26,265,57,123,74,425,340,174,166,257,257
NA,NA,NA,NA,NA,NA,NA,NA,NA,NA,NA,NA,NA,NA,NA,NA,NA,NA,NA,NA
182,262,270,254,2369,338,48,51,971,196,215,814,87,81,595,323,216,107,257,269
256,259,263,255,1737,282,11,69,817,54,90,656,113,74,371,336,184,152,255,261
263,258,263,253,2172,341,25,61,916,101,349,913,117,69,452,343,174,169,253,255
281,257,261,251,1983,315,6,71,911,34,510,63,134,74,451,347,166,181,256,251
51,266,269,262,2345,418,67,65,1111,222,222,1085,100,88,287,325,212,113,263,269
105,267,271,264,1556,350,22,87,880,76,122,846,104,85,329,329,207,122,264,268
NA,NA,NA,NA,NA,NA,NA,NA,NA,NA,NA,NA,NA,NA,NA,NA,NA,NA,NA,NA
81,263,268,258,2176,389,39,62,1011,161,161,1011,96,84,382,324,210,114,258,268
5,274,281,266,2683,483,7,79,1405,56,116,1255,73,81,565,322,232,90,268,281
322,253,258,246,2364,386,6,72,1110,35,638,66,142,70,548,356,154,202,249,247
171,264,273,257,1773,269,44,54,762,137,178,590,89,82,628,325,217,108,259,272
208,251,254,248,1960,310,31,59,861,112,284,861,121,81,287,325,176,149,248,250
NA,NA,NA,NA,NA,NA,NA,NA,NA,NA,NA,NA,NA,NA,NA,NA,NA,NA,NA,NA
104,268,275,263,2258,322,72,48,913,247,282,913,95,79,454,331,211,120,263,272
142,269,276,263,2148,335,75,49,912,240,240,802,87,81,510,329,222,107,265,276
248,256,263,251,2379,402,11,69,1091,52,333,103,135,68,550,358,160,198,252,252
107,270,277,264,2065,328,72,49,851,231,231,808,86,81,524,329,223,106,266,277
261,263,268,259,1870,319,4,75,881,26,268,819,123,75,399,344,180,164,259,263
421,250,259,243,2090,360,49,54,917,180,237,664,96,79,645,321,200,121,245,259
259,254,261,247,2217,370,9,69,988,51,322,118,132,68,573,350,156,194,251,249
218,261,267,254,2342,362,47,54,980,183,437,980,103,76,492,329,195,134,254,260
313,256,262,252,1881,296,10,65,847,56,121,804,121,75,405,338,178,160,252,259
13,269,278,261,2643,426,18,70,1227,82,82,1157,74,77,626,326,230,96,262,278
71,262,267,257,2209,394,35,63,1024,150,150,1024,96,84,400,324,210,114,257,267
141,260,267,255,1747,316,27,72,862,108,136,862,93,83,479,320,208,112,255,267
256,257,264,251,2343,370,33,58,1006,136,449,1006,107,76,472,328,188,140,251,256
97,270,273,266,2245,437,24,82,1230,84,124,1167,104,86,293,331,211,120,268,273
332,252,258,246,2302,373,6,72,1079,35,613,67,140,70,506,353,155,198,250,247
NA,NA,NA,NA,NA,NA,NA,NA,NA,NA,NA,NA,NA,NA,NA,NA,NA,NA,NA,NA
293,250,255,246,2210,349,10,66,1001,63,510,1001,128,73,417,339,165,174,246,248
114,254,261,249,2187,386,38,70,1077,134,154,982,94,80,456,314,197,117,250,259
NA,NA,NA,NA,NA,NA,NA,NA,NA,NA,NA,NA,NA,NA,NA,NA,NA,NA,NA,NA
288,256,261,251,2393,355,16,66,1049,71,356,1042,124,67,496,349,164,185,251,252
51,272,279,266,2253,315,75,45,888,257,257,885,88,81,493,331,223,108,267,279
NA,NA,NA,NA,NA,NA,NA,NA,NA,NA,NA,NA,NA,NA,NA,NA,NA,NA,NA,NA
NA,NA,NA,NA,NA,NA,NA,NA,NA,NA,NA,NA,NA,NA,NA,NA,NA,NA,NA,NA
237,247,252,243,1803,298,24,64,849,112,196,849,110,82,355,315,182,133,243,247
286,263,274,256,1998,414,42,65,968,173,173,475,103,77,696,342,209,133,259,274
5,273,280,266,2630,458,11,76,1329,66,127,1210,75,81,550,323,231,92,268,280
29,269,277,262,1661,277,36,62,764,127,138,764,86,81,605,328,222,106,262,276
18,273,280,268,2225,342,65,50,929,215,247,929,85,80,489,332,227,105,268,279
285,252,259,246,2167,369,8,67,964,54,326,139,129,67,538,347,156,191,250,247
131,271,278,265,2355,381,94,49,1034,294,294,744,91,81,544,334,222,112,266,278
126,265,269,261,2332,355,16,61,1045,109,496,201,110,65,410,347,178,169,262,261
16,270,274,264,2334,395,43,64,1120,171,171,1051,86,88,382,322,225,97,266,274
245,257,260,254,1910,305,14,67,817,48,296,808,128,76,293,341,174,167,254,255
9,266,273,258,3490,539,22,69,1542,122,122,1466,81,75,572,328,221,107,261,273
345,259,266,256,1585,262,5,76,747,20,188,692,120,73,471,341,178,163,256,260
245,248,251,244,2057,319,18,66,956,73,476,123,130,78,298,331,165,166,248,245
158,261,266,256,2367,382,13,66,1052,71,344,138,123,65,489,353,166,187,258,256
296,254,258,248,2117,326,8,70,973,39,540,72,135,72,425,347,162,185,252,249
307,253,261,245,2440,340,64,46,954,226,285,830,88,80,617,316,207,109,248,261
172,253,260,248,1853,322,44,64,884,148,173,800,95,80,532,314,196,118,248,259
275,254,258,250,1846,290,17,63,766,72,277,753,120,78,300,332,179,153,250,254
268,258,262,253,2519,390,18,63,1094,88,407,150,118,64,433,347,165,182,255,253
324,253,257,249,1759,289,13,66,816,67,227,758,114,75,355,330,178,152,250,254
128,265,268,262,1683,300,19,73,852,66,156,852,109,76,272,336,194,142,262,264
NA,NA,NA,NA,NA,NA,NA,NA,NA,NA,NA,NA,NA,NA,NA,NA,NA,NA,NA,NA
162,257,265,252,2045,392,28,73,1033,119,136,925,91,82,532,316,206,110,252,264
122,261,269,254,2396,334,54,50,958,181,255,870,83,78,596,323,217,106,257,269
346,256,265,249,2029,387,49,59,929,164,164,576,100,78,653,332,204,128,251,265
230,250,253,247,2032,310,23,62,912,102,311,148,128,80,250,328,169,159,249,249
277,254,261,249,2354,397,10,70,1090,53,335,98,137,68,585,356,157,199,251,250
352,259,268,254,2013,369,56,60,961,200,200,896,97,80,596,328,207,121,254,268
324,253,257,249,1759,289,13,66,816,67,227,758,114,75,355,330,178,152,250,254
241,251,254,248,1991,295,20,57,840,118,325,172,124,80,260,327,172,155,249,250
328,253,258,248,2001,315,7,70,913,36,516,66,134,74,431,344,163,181,253,248
401,256,265,251,2173,389,68,56,1006,230,230,501,98,79,610,327,204,123,251,265
NA,NA,NA,NA,NA,NA,NA,NA,NA,NA,NA,NA,NA,NA,NA,NA,NA,NA,NA,NA
366,252,256,246,1969,312,7,70,893,36,510,66,133,74,411,342,163,179,252,247
307,252,257,248,2274,362,8,70,1049,41,588,80,138,71,438,350,158,192,249,248
476,238,242,235,2093,316,12,67,934,54,506,54,132,76,330,325,153,172,237,235
204,260,264,256,1715,280,14,64,752,64,107,693,117,76,342,338,186,152,257,262
234,266,276,260,2141,393,65,57,979,221,221,537,101,78,668,341,213,128,261,276
173,260,265,255,2047,368,28,74,1041,95,142,1013,103,85,371,322,201,121,256,263
70,269,272,265,2354,442,35,79,1281,119,138,1183,103,88,275,329,212,117,267,271
90,260,267,253,3046,451,40,61,1269,163,179,1204,86,74,559,326,211,115,257,267
91,262,268,257,2165,368,36,66,986,116,163,930,93,80,432,322,207,115,258,267
146,259,267,253,1832,302,47,59,811,155,215,777,98,79,513,323,199,124,255,261
322,253,258,246,2364,386,6,72,1110,35,638,66,142,70,548,356,154,202,249,247
NA,NA,NA,NA,NA,NA,NA,NA,NA,NA,NA,NA,NA,NA,NA,NA,NA,NA,NA,NA
75,266,274,260,1934,332,27,69,944,111,111,781,89,83,573,324,218,106,261,274
18,268,276,260,2244,361,18,66,1006,80,108,930,78,79,609,326,228,98,261,276
208,246,252,241,1882,305,37,65,866,125,186,866,101,81,442,309,185,124,241,249
423,248,254,241,2422,395,11,69,1085,49,343,1085,134,68,561,350,153,197,241,245
254,259,265,253,1301,262,14,81,716,51,135,143,112,78,471,330,187,143,256,259
18,271,278,264,2145,328,47,55,936,181,201,722,91,82,550,332,222,110,266,277
270,257,263,251,2471,389,38,57,1046,150,481,1046,107,76,459,328,188,140,251,256
64,266,271,261,2447,420,44,66,1179,168,215,1082,99,83,376,328,210,118,262,270
NA,NA,NA,NA,NA,NA,NA,NA,NA,NA,NA,NA,NA,NA,NA,NA,NA,NA,NA,NA
102,270,279,263,2457,413,69,55,1081,244,244,954,90,81,616,333,223,110,264,279
13,269,277,262,2733,451,30,66,1261,115,115,1190,75,78,606,326,230,96,263,277
97,267,272,262,2091,394,24,76,1099,100,180,1043,101,84,376,329,210,119,263,269
170,269,277,263,2431,391,102,48,1072,318,324,745,93,80,596,335,219,116,264,277
NA,NA,NA,NA,NA,NA,NA,NA,NA,NA,NA,NA,NA,NA,NA,NA,NA,NA,NA,NA
447,254,262,248,1415,236,1,78,684,10,157,43,125,73,545,338,168,170,251,252
321,250,254,247,1905,293,20,60,824,99,271,761,114,81,295,322,182,140,249,251
223,265,268,259,1752,276,4,71,785,30,257,63,127,74,397,349,179,170,266,260
222,267,273,262,1832,305,3,77,874,19,237,49,122,73,432,348,183,165,266,265
301,251,259,244,2177,381,47,55,946,152,152,669,95,78,574,321,200,121,247,259
212,267,274,261,2360,393,96,49,1046,297,297,700,93,81,554,331,217,114,262,274
341,254,261,250,1355,226,10,70,636,44,151,253,118,72,450,337,174,163,251,255
227,258,262,255,1666,270,12,69,784,53,195,784,114,73,338,336,181,155,255,259
208,266,271,262,2232,370,5,75,1081,34,277,73,125,74,361,349,182,167,265,265
29,268,271,263,2592,437,49,67,1247,180,180,1142,104,88,311,330,212,118,266,271
155,264,268,261,1702,382,17,89,982,68,142,932,104,85,269,326,204,122,262,266
169,256,263,248,2586,368,59,50,1039,204,256,916,89,75,574,323,205,118,253,263
6,270,279,264,1810,312,28,68,890,101,101,693,86,82,592,328,224,104,265,279
21,270,277,263,3024,493,49,62,1397,182,182,1397,82,83,516,325,227,98,263,277
223,266,269,258,1782,290,3,72,814,29,449,60,127,74,446,349,179,170,267,260
30,275,283,268,2516,413,87,50,1100,298,298,914,89,80,600,338,228,110,269,283
275,255,261,249,2162,329,12,63,956,73,465,956,115,73,454,334,178,156,249,253
329,258,268,251,2085,388,58,57,949,192,192,585,101,78,676,335,206,129,253,268
82,270,276,264,2170,310,69,48,878,237,280,871,96,79,477,333,212,121,266,273
83,267,275,260,2060,334,51,58,921,177,177,854,93,80,625,331,216,115,261,275
527,242,248,234,2443,432,9,72,1152,30,361,1110,143,68,634,352,142,210,238,239
37,266,274,260,1746,299,33,65,823,122,133,823,86,80,592,325,218,107,260,273
574,239,246,232,2444,405,10,70,1096,42,350,1096,138,69,596,344,145,199,232,237
257,264,273,258,2285,377,86,52,1022,267,267,610,97,79,612,335,213,122,259,273
320,252,258,246,2379,388,6,72,1114,35,643,68,143,70,551,357,153,204,249,247
124,268,272,264,2010,375,19,77,1026,80,85,874,99,83,312,330,211,119,264,270
137,263,268,258,2440,396,15,63,1078,95,396,159,116,64,449,351,171,180,261,259
NA,NA,NA,NA,NA,NA,NA,NA,NA,NA,NA,NA,NA,NA,NA,NA,NA,NA,NA,NA
46,267,273,261,2224,327,57,55,953,189,198,846,97,85,444,329,216,113,264,273
38,270,274,265,2473,439,43,74,1285,151,151,1197,103,88,316,331,214,117,267,274
212,254,258,250,1860,308,17,67,874,94,200,874,109,83,301,320,189,131,250,254
133,253,259,248,2190,387,34,72,1100,134,153,1018,97,80,446,314,194,120,249,258
230,267,272,261,2359,394,6,76,1122,31,306,77,123,73,411,349,182,167,266,264
186,255,262,247,2540,363,61,49,1017,210,264,883,90,75,576,322,203,119,251,262
341,248,251,246,1936,289,14,61,786,71,332,786,127,78,250,330,169,161,246,247
62,271,278,265,2294,320,77,47,924,263,263,923,90,81,483,331,220,111,267,278
17,270,277,262,2761,438,46,58,1188,177,229,1166,80,80,566,327,228,99,264,277
314,260,267,257,1323,221,3,73,614,24,52,614,116,72,482,341,182,159,257,263
108,264,271,258,2130,359,69,60,980,207,254,980,95,81,515,327,210,117,258,267
336,259,269,252,2019,402,52,61,929,176,176,521,104,77,675,339,205,134,255,269
18,270,277,263,2935,485,38,65,1372,151,151,1372,81,82,515,325,227,98,263,277
190,252,256,248,1803,304,17,67,859,96,186,859,109,83,345,318,187,131,248,251
326,250,257,243,2171,391,46,56,956,149,149,646,95,78,565,320,199,121,246,257
493,248,258,241,1942,309,54,52,860,207,248,654,94,80,679,316,199,117,242,254
24,267,271,262,2358,348,68,55,988,220,223,953,102,87,360,330,214,116,263,271
120,264,269,260,1849,382,44,76,984,136,154,937,100,85,330,325,208,117,261,265
194,266,269,260,1697,264,4,70,751,29,250,65,127,74,364,350,180,170,266,261
88,267,274,260,2361,342,49,51,979,200,223,797,89,82,558,328,220,108,262,273
334,244,247,240,2073,328,16,68,955,57,485,57,131,77,314,329,160,169,243,240
22,261,267,255,2526,461,18,72,1273,82,127,1273,96,80,489,327,207,120,255,266
315,251,257,246,2383,382,9,68,1081,54,340,1080,133,70,499,349,161,188,246,249
NA,NA,NA,NA,NA,NA,NA,NA,NA,NA,NA,NA,NA,NA,NA,NA,NA,NA,NA,NA
464,245,251,238,2435,406,10,70,1096,41,349,1096,138,69,582,350,150,200,238,243
249,249,253,246,2012,317,10,67,894,55,461,894,128,78,316,331,167,164,246,246
178,259,265,254,2333,382,12,65,1037,76,346,144,122,65,489,350,165,185,257,254
467,245,251,238,2433,406,10,70,1098,39,364,1098,140,68,591,351,148,203,238,242
17,269,277,261,2548,410,24,68,1180,98,98,1094,75,78,624,325,229,96,262,277
212,253,260,248,1540,285,19,79,836,96,133,836,94,81,488,313,198,115,248,256
270,253,258,248,2258,361,9,65,1026,74,493,1021,124,73,423,339,170,169,248,250
202,259,263,255,1873,295,14,67,795,52,282,793,125,76,309,341,178,163,255,258
196,260,264,255,1715,290,15,66,728,71,233,692,115,77,320,336,187,149,256,261
281,256,262,250,2439,382,25,60,1044,109,495,1044,110,75,458,330,184,146,250,254
6,268,275,260,2728,424,14,70,1234,74,74,1184,77,77,590,327,228,99,261,275
85,270,277,264,2247,330,60,54,977,202,202,916,87,80,557,332,224,108,264,277
194,258,265,250,2403,334,69,45,953,225,294,813,90,79,585,323,210,113,253,265
335,259,269,252,2099,399,60,58,954,200,200,560,102,77,685,337,206,131,254,269
385,250,257,245,1297,232,11,70,623,49,134,96,121,72,496,334,167,167,247,249
227,253,259,246,2039,361,7,72,974,53,263,98,126,67,522,344,156,188,251,247
276,264,273,258,2054,392,53,60,976,197,197,469,100,79,647,337,211,126,259,273
262,256,262,253,1550,251,12,68,722,53,174,118,116,73,383,336,178,158,253,257
282,249,254,245,2035,322,15,62,897,79,452,893,122,77,377,329,171,158,245,247
170,266,270,261,1875,290,6,69,827,38,266,85,127,75,344,350,181,169,265,263
321,261,271,254,2154,403,64,57,976,218,218,558,102,78,673,338,208,130,256,271
171,257,264,250,2465,342,67,47,982,219,284,847,89,76,567,323,207,116,253,264
170,266,270,261,1875,290,6,69,827,38,266,85,127,75,344,350,181,169,265,263
206,264,269,261,2039,330,5,73,958,35,264,77,126,75,346,348,180,168,262,263
283,251,256,247,2231,353,10,67,1012,60,519,1012,129,73,421,341,165,176,247,249
162,262,266,257,1816,303,11,66,769,62,254,735,119,77,343,340,186,154,258,263
8,268,276,260,2817,445,12,73,1302,67,67,1249,76,78,598,326,229,97,261,276
241,259,266,254,1348,278,16,82,749,55,130,154,111,79,461,329,190,139,257,260
48,271,274,266,2435,438,36,76,1291,131,139,1201,104,88,317,332,214,118,268,274
26,264,271,257,3280,495,33,66,1384,145,148,1362,84,75,566,329,217,112,258,271
89,267,272,263,1853,368,46,73,949,144,144,912,99,84,379,328,211,117,264,272
236,251,258,245,1789,316,43,62,842,141,223,814,99,80,490,314,191,123,246,252
309,262,269,255,1582,272,2,79,776,11,169,45,125,73,555,345,175,170,259,258
275,264,273,258,2219,385,75,54,991,244,244,563,98,79,618,335,212,123,258,273
41,267,270,263,2420,443,69,66,1177,221,234,1104,100,88,249,326,213,113,265,270
336,260,269,254,2196,388,71,55,1001,236,236,532,99,80,604,331,208,123,255,269
48,272,278,266,2137,308,68,48,875,229,275,864,97,80,491,335,214,121,268,275
234,264,270,260,1827,306,4,75,855,24,260,792,122,74,406,345,182,163,261,265
210,248,253,243,1683,273,27,65,802,107,216,802,105,82,409,312,184,128,243,250
24,268,272,263,2612,368,87,48,1064,276,316,1017,99,86,346,329,215,114,265,271
230,248,253,244,1819,300,24,63,846,111,211,846,112,82,342,317,182,135,244,248
162,257,265,252,2045,392,28,73,1033,119,136,925,91,82,532,316,206,110,252,264
195,262,270,254,2261,331,52,49,897,191,243,768,89,81,613,324,215,109,257,270
19,267,271,262,2328,332,81,47,918,267,267,918,102,87,354,330,214,116,262,271
238,257,265,249,2425,323,63,46,954,224,267,835,87,81,611,319,212,107,252,264
147,252,258,248,1737,321,27,71,841,110,145,841,96,81,438,313,195,118,248,255
191,268,275,262,2405,391,100,48,1063,312,312,731,93,80,560,334,218,116,263,275
7,268,276,260,2510,381,16,68,1110,78,78,1067,79,78,601,327,226,101,261,276
316,262,268,257,1746,285,4,77,831,17,219,48,122,73,457,343,178,165,259,260
277,255,261,250,2159,328,13,64,951,71,472,951,115,73,449,334,178,156,250,253
332,252,258,246,2302,373,6,72,1079,35,613,67,140,70,506,353,155,198,250,247
436,247,253,239,2427,409,12,70,1095,41,365,1095,143,68,630,357,147,210,239,244
6,266,274,258,3333,511,18,70,1489,105,111,1421,80,76,590,328,223,105,262,274
NA,NA,NA,NA,NA,NA,NA,NA,NA,NA,NA,NA,NA,NA,NA,NA,NA,NA,NA,NA
247,260,264,255,2418,360,20,61,1064,102,561,187,111,64,406,343,172,171,257,256
299,251,256,246,2253,359,9,65,1016,77,486,1016,123,74,436,336,170,166,246,249
374,249,256,243,2423,395,11,70,1093,42,376,1093,142,68,600,357,150,207,243,246
15,269,277,263,2040,323,40,62,922,141,195,922,93,81,582,333,219,114,263,277
85,271,274,266,2372,445,28,79,1279,97,130,1207,104,86,317,332,212,120,268,274
NA,NA,NA,NA,NA,NA,NA,NA,NA,NA,NA,NA,NA,NA,NA,NA,NA,NA,NA,NA
13,270,278,264,1840,317,27,68,897,103,103,703,87,83,578,328,224,104,265,278
109,272,280,266,2409,387,99,48,1060,309,309,755,92,80,566,337,223,114,267,280
309,262,269,255,1582,272,2,79,776,11,169,45,125,73,555,345,175,170,259,258
171,264,273,257,1773,269,44,54,762,137,178,590,89,82,628,325,217,108,259,272
278,248,252,245,1967,294,27,58,848,122,296,783,122,81,298,322,173,149,245,248
117,262,270,254,2358,329,53,49,932,184,264,844,82,78,599,323,219,104,258,269
164,260,265,255,2023,366,29,74,1034,95,197,1001,102,84,382,321,200,121,256,261
66,268,277,262,2234,361,59,58,995,196,196,918,93,81,614,332,218,114,262,277
312,253,258,248,2288,367,7,71,1063,38,602,73,139,71,486,352,157,195,250,248
39,269,275,262,2303,354,50,57,1023,197,197,854,94,84,496,329,218,111,265,275
354,250,256,244,2396,392,9,69,1089,42,360,1089,139,70,541,353,155,198,244,247
NA,NA,NA,NA,NA,NA,NA,NA,NA,NA,NA,NA,NA,NA,NA,NA,NA,NA,NA,NA
250,254,261,247,2189,368,8,69,982,50,319,118,131,67,576,349,156,193,252,248
313,256,260,252,1414,299,8,83,784,54,173,124,114,77,316,330,182,148,254,257
264,256,261,250,2396,371,10,68,1074,62,334,1059,129,69,499,351,165,186,251,253
13,269,277,261,2257,388,19,68,1048,83,109,942,76,79,596,326,230,96,262,277
37,267,270,263,2438,418,72,59,1119,252,252,1061,98,88,266,325,214,111,265,270
66,267,271,262,2465,447,42,72,1264,162,207,1187,101,85,337,329,211,118,264,271
210,253,259,248,1871,304,14,62,849,93,339,849,110,78,428,324,184,140,248,252
212,247,253,242,1890,330,32,67,872,126,157,872,98,81,449,309,189,120,242,253
393,249,255,242,2406,383,13,69,1083,48,368,1083,143,68,608,359,149,210,242,246
170,256,263,249,2779,398,49,55,1137,181,218,1045,87,75,566,322,206,116,252,263
290,250,255,246,2142,334,11,66,963,58,500,950,129,75,403,337,165,172,246,247
62,271,278,265,2294,320,77,47,924,263,263,923,90,81,483,331,220,111,267,278
NA,NA,NA,NA,NA,NA,NA,NA,NA,NA,NA,NA,NA,NA,NA,NA,NA,NA,NA,NA
245,262,267,257,1831,290,9,67,842,49,105,710,118,74,429,342,184,158,258,265
77,263,269,258,2194,359,28,72,1052,112,150,1012,93,80,433,322,206,116,258,267
NA,NA,NA,NA,NA,NA,NA,NA,NA,NA,NA,NA,NA,NA,NA,NA,NA,NA,NA,NA
238,259,267,252,2278,327,52,51,932,189,221,778,89,80,602,322,212,110,255,267
108,268,273,263,2210,298,53,49,869,198,308,869,100,74,424,336,201,135,263,267
288,263,274,256,1968,409,42,64,952,170,170,465,105,78,700,343,209,134,258,274
16,270,277,263,2381,328,42,50,936,198,219,867,86,81,541,330,224,106,266,276
13,268,271,263,2521,387,61,59,1112,202,210,1043,105,88,304,331,212,119,265,271
141,260,267,255,1747,316,27,72,862,108,136,862,93,83,479,320,208,112,255,267
321,254,259,248,2104,333,5,71,979,34,545,63,136,72,455,348,161,187,253,248
296,259,269,252,2231,337,95,48,976,295,310,747,95,81,671,327,210,117,253,268
189,261,264,256,1792,297,12,65,765,63,93,723,118,77,328,339,186,153,257,262
34,267,272,261,2483,436,46,66,1206,169,169,1123,87,87,388,322,222,100,263,272
202,259,263,256,1845,294,12,68,793,45,277,786,127,76,310,343,177,166,256,258
303,248,256,241,2296,372,54,50,956,182,248,727,94,77,562,318,197,121,245,256
404,248,254,241,2431,405,10,70,1095,41,352,1095,138,68,594,353,152,201,241,246
318,248,251,245,1991,285,17,58,806,93,353,142,126,78,267,328,168,160,246,246
470,253,262,247,1185,197,1,78,559,13,148,150,122,73,585,336,171,165,249,253
335,254,258,249,1859,296,7,70,825,35,488,66,131,75,359,341,167,174,254,249
29,268,276,260,2144,358,22,66,997,99,110,884,78,80,605,325,228,97,262,276
138,254,262,249,1902,322,46,64,886,150,169,794,96,79,545,317,196,121,250,260
296,249,254,245,2130,331,12,64,956,69,489,937,126,75,382,334,167,167,245,247
258,256,261,251,2373,369,11,67,1064,66,335,1064,127,69,492,350,167,183,251,253
247,247,250,243,2082,340,22,67,984,71,470,126,129,78,314,329,165,164,247,244
124,266,270,262,1907,344,20,73,926,76,95,823,100,78,335,333,206,127,262,268
328,252,260,244,2155,368,43,55,927,152,216,694,95,79,606,322,202,120,247,260
65,265,273,259,2040,303,48,60,905,172,204,871,94,80,575,329,212,117,259,272
265,256,264,249,2138,361,42,55,915,152,215,698,95,79,604,326,207,119,251,264
180,258,266,251,2425,328,73,45,959,232,302,825,89,79,592,323,211,112,254,266
187,260,264,257,1665,283,16,67,784,70,217,715,114,75,297,336,185,151,257,260
346,251,258,245,2380,386,12,69,1092,49,353,1092,141,68,609,358,153,205,245,248
NA,NA,NA,NA,NA,NA,NA,NA,NA,NA,NA,NA,NA,NA,NA,NA,NA,NA,NA,NA
222,259,263,255,1662,274,15,65,763,70,104,692,114,76,329,335,186,149,256,260
177,263,267,259,2203,335,25,58,968,119,318,216,106,67,374,340,183,157,260,260
411,248,255,241,2416,406,11,70,1095,45,345,1095,138,68,596,353,152,201,241,245
NA,NA,NA,NA,NA,NA,NA,NA,NA,NA,NA,NA,NA,NA,NA,NA,NA,NA,NA,NA
79,263,270,255,2674,382,32,62,1121,126,157,1082,82,75,586,325,217,108,259,270
487,252,260,246,1289,228,1,79,627,10,148,33,124,73,564,336,167,169,248,250
295,253,258,248,2152,333,8,70,991,39,550,73,136,73,421,347,161,186,251,248
204,260,264,255,1855,288,11,66,822,52,281,789,121,77,351,340,183,157,256,261
156,264,268,259,2394,363,17,61,1066,105,530,192,111,64,406,347,176,171,261,260
419,246,255,239,2230,369,48,53,942,170,238,721,94,79,617,316,198,118,242,255
161,252,257,248,1929,325,28,71,932,99,198,932,102,82,378,315,191,124,248,254
75,267,270,264,2025,419,32,81,1120,103,177,1053,103,88,246,327,210,117,265,268
NA,NA,NA,NA,NA,NA,NA,NA,NA,NA,NA,NA,NA,NA,NA,NA,NA,NA,NA,NA
115,265,268,261,1833,399,25,84,1039,91,157,971,102,87,284,325,208,117,262,266
212,247,253,242,1890,330,32,67,872,126,157,872,98,81,449,309,189,120,242,253
322,253,258,246,2364,386,6,72,1110,35,638,66,142,70,548,356,154,202,249,247
NA,NA,NA,NA,NA,NA,NA,NA,NA,NA,NA,NA,NA,NA,NA,NA,NA,NA,NA,NA
60,269,278,263,2226,350,43,60,998,155,155,919,91,81,610,333,222,111,263,278
356,253,261,245,2075,368,40,58,916,146,203,663,96,79,650,324,203,121,247,261
183,254,261,248,1725,297,30,63,799,120,240,799,102,80,484,318,191,127,248,256
315,251,256,247,2266,359,8,70,1041,42,581,84,137,72,438,349,159,190,248,247
308,256,262,250,1300,271,12,82,724,51,139,133,114,78,440,328,182,146,254,256
22,268,273,262,2396,315,83,42,885,302,302,885,97,85,406,330,217,113,262,273
170,264,269,259,2219,314,48,52,906,184,295,906,99,72,395,333,196,137,259,262
110,258,266,253,1988,369,33,70,983,127,144,857,90,81,540,317,206,111,253,264
261,257,265,250,2378,333,51,51,973,198,222,819,88,80,598,320,211,109,253,265
22,268,272,263,2577,382,72,55,1111,221,260,1053,100,87,334,329,215,114,265,272
486,247,256,239,2096,356,51,53,917,190,248,668,96,80,667,317,197,120,241,256
128,255,262,250,1673,291,46,61,784,153,202,762,97,80,486,317,197,120,251,257
170,268,277,261,2460,378,107,47,1078,340,346,774,95,79,634,337,218,119,262,276
334,260,270,253,2069,403,56,59,945,190,190,540,104,78,682,339,206,133,255,270
314,253,259,247,2383,397,11,70,1091,50,343,1091,138,68,593,357,156,201,247,249
260,250,253,247,1959,287,23,57,834,121,300,768,121,81,284,323,175,148,247,250
281,256,261,250,2136,339,5,72,1001,34,555,62,137,72,494,352,162,190,255,250
239,253,259,247,2101,366,8,70,983,57,285,110,126,67,510,345,157,188,251,248
NA,NA,NA,NA,NA,NA,NA,NA,NA,NA,NA,NA,NA,NA,NA,NA,NA,NA,NA,NA
212,267,274,261,2360,393,96,49,1046,297,297,700,93,81,554,331,217,114,262,274
220,261,266,257,2386,356,26,61,1024,97,373,165,114,66,438,346,174,172,258,257
316,247,252,243,2054,314,15,63,908,67,469,895,125,77,377,329,167,162,243,245
437,255,263,249,1293,225,1,79,631,9,140,36,126,73,569,339,168,171,252,252
74,264,268,260,2187,402,57,65,1051,187,187,1022,99,86,301,325,210,115,261,268
169,253,259,248,1726,332,26,73,856,109,109,856,95,81,458,314,197,117,248,256
NA,NA,NA,NA,NA,NA,NA,NA,NA,NA,NA,NA,NA,NA,NA,NA,NA,NA,NA,NA
28,268,273,262,2317,352,55,59,1016,185,194,932,98,85,391,329,215,114,265,272
96,273,281,266,2521,391,107,47,1100,343,343,809,93,80,609,339,223,116,267,281
274,264,271,259,1639,271,3,77,791,14,193,47,122,73,506,346,179,167,262,261
183,263,272,257,1923,292,77,50,834,245,245,700,92,81,647,327,214,113,257,272
270,248,251,244,1970,305,30,59,858,116,289,807,122,81,293,322,173,149,245,247
428,255,263,249,2197,383,72,56,1017,236,236,869,98,80,580,323,202,121,249,263
114,268,275,262,2214,317,70,48,890,242,284,888,96,79,490,331,210,121,264,272
45,269,278,263,1650,271,45,58,739,144,152,739,87,81,628,329,222,107,263,277
194,265,269,260,1626,258,4,70,717,29,242,66,127,74,371,350,180,170,264,261
46,266,269,262,2301,407,70,63,1073,219,219,1040,99,87,282,325,212,113,263,269
217,261,264,257,1735,274,7,69,750,35,266,72,129,75,300,346,176,170,259,258
322,255,264,247,2095,352,46,54,900,173,235,682,95,80,649,324,206,118,250,263
494,251,260,245,1410,237,0,79,696,8,152,39,127,72,585,337,163,174,249,248
132,266,271,261,2280,314,59,51,910,208,302,910,97,74,406,332,202,130,261,265
416,255,263,250,1260,200,4,73,580,23,160,185,118,72,525,337,175,162,251,256
14,269,277,261,2563,412,19,69,1187,85,85,1108,75,77,619,326,229,97,262,277
6,272,281,266,1691,288,30,67,822,98,98,634,85,81,649,330,226,104,266,281
14,272,279,267,2190,322,73,47,888,260,260,888,86,80,467,330,223,107,267,279
212,254,258,250,1860,308,17,67,874,94,200,874,109,83,301,320,189,131,250,254
138,265,270,262,1471,333,17,88,843,63,117,161,106,83,335,329,202,127,263,266
372,249,255,243,2412,379,10,69,1090,44,382,1090,144,68,601,358,149,209,243,246
268,264,275,258,2036,412,45,63,982,183,183,482,102,78,685,341,211,130,259,275
252,250,253,246,2007,305,14,66,898,60,487,105,131,77,312,334,166,168,249,246
165,257,265,252,1815,291,50,59,801,169,208,801,98,80,517,321,199,122,252,259
NA,NA,NA,NA,NA,NA,NA,NA,NA,NA,NA,NA,NA,NA,NA,NA,NA,NA,NA,NA
307,255,260,251,2484,384,17,63,1082,82,390,142,121,65,457,346,162,184,252,251
93,266,271,261,2221,400,29,74,1138,117,179,1079,100,84,365,327,209,118,262,267
8,267,275,259,2659,397,17,68,1167,85,108,1132,79,76,596,328,225,103,261,275
18,270,276,263,2525,351,50,50,991,217,249,967,85,81,524,328,224,104,264,276
281,256,261,250,1307,258,9,79,685,51,185,104,119,74,405,334,174,160,255,252
9,266,273,258,3490,539,22,69,1542,122,122,1466,81,75,572,328,221,107,261,273
NA,NA,NA,NA,NA,NA,NA,NA,NA,NA,NA,NA,NA,NA,NA,NA,NA,NA,NA,NA
8,271,277,265,2304,355,49,57,1027,193,193,828,93,85,491,331,222,109,266,277
18,273,280,268,2225,342,65,50,929,215,247,929,85,80,489,332,227,105,268,279
323,250,256,244,2161,369,9,68,975,54,317,128,128,67,546,344,153,191,248,245
15,270,277,263,2450,335,50,48,955,227,251,867,88,82,547,330,223,107,266,276
257,252,257,247,2183,344,10,65,988,67,499,973,127,74,417,339,168,171,247,249
287,258,267,252,1841,276,60,51,810,220,234,656,92,81,633,323,210,113,252,267
288,255,259,252,1921,305,14,68,823,48,294,817,127,76,287,339,172,167,252,254
286,263,274,256,1998,414,42,65,968,173,173,475,103,77,696,342,209,133,259,274
274,263,269,259,1773,288,5,76,829,21,226,761,121,74,430,344,182,162,260,264
243,259,264,255,2241,347,27,62,952,96,356,952,117,68,432,345,173,172,255,256
299,253,259,247,2419,394,10,69,1088,45,346,1088,136,69,545,356,159,197,247,251
326,254,258,249,1894,300,7,70,845,36,494,66,132,75,362,342,166,176,254,249
NA,NA,NA,NA,NA,NA,NA,NA,NA,NA,NA,NA,NA,NA,NA,NA,NA,NA,NA,NA
78,270,273,265,2417,440,32,78,1295,115,133,1209,104,88,292,331,213,118,267,273
275,254,258,250,1846,290,17,63,766,72,277,753,120,78,300,332,179,153,250,254
294,249,252,245,2047,314,12,68,917,51,501,51,132,76,324,335,163,172,248,245
323,251,254,247,1897,286,19,60,774,84,299,760,120,78,272,328,176,152,248,251
271,255,261,250,2236,348,20,61,975,98,449,975,110,75,457,329,183,146,250,254
325,253,262,246,2075,370,36,59,915,132,132,664,96,80,624,324,204,120,248,262
11,260,268,255,1971,340,41,64,903,135,151,472,96,79,549,324,203,121,257,266
NA,NA,NA,NA,NA,NA,NA,NA,NA,NA,NA,NA,NA,NA,NA,NA,NA,NA,NA,NA
373,253,262,245,2033,378,40,60,920,141,141,620,98,79,654,326,202,124,247,262
218,251,254,248,1995,311,18,60,878,104,314,152,127,79,261,329,170,159,250,250
470,252,261,246,1272,222,0,80,633,8,133,33,128,73,602,339,164,175,249,249
NA,NA,NA,NA,NA,NA,NA,NA,NA,NA,NA,NA,NA,NA,NA,NA,NA,NA,NA,NA
279,249,253,245,2028,311,16,64,894,66,461,885,126,77,346,330,168,162,245,247
247,250,253,247,1997,299,22,58,859,116,317,166,125,80,281,326,171,155,248,249
306,253,257,248,2221,351,7,70,1029,38,575,73,137,71,439,350,159,191,251,248
419,246,255,239,2230,369,48,53,942,170,238,721,94,79,617,316,198,118,242,255
352,259,268,254,2013,369,56,60,961,200,200,896,97,80,596,328,207,121,254,268
552,240,246,233,2444,410,11,70,1102,38,370,1102,142,68,592,348,142,206,233,238
184,259,265,254,2308,372,12,68,1035,59,320,130,126,66,499,353,163,190,256,254
247,260,266,256,1818,284,13,67,843,58,112,681,116,74,407,340,185,155,257,263
305,258,264,254,1487,232,9,69,677,42,65,628,114,72,440,338,181,157,255,261
NA,NA,NA,NA,NA,NA,NA,NA,NA,NA,NA,NA,NA,NA,NA,NA,NA,NA,NA,NA
171,266,269,262,2186,422,20,82,1177,83,83,1141,103,84,281,329,207,122,264,269
88,264,272,259,2111,339,61,60,941,197,226,941,95,80,543,328,210,118,259,266
NA,NA,NA,NA,NA,NA,NA,NA,NA,NA,NA,NA,NA,NA,NA,NA,NA,NA,NA,NA
163,257,264,251,1524,315,13,85,862,86,118,862,93,81,504,317,203,114,251,260
110,268,273,263,2185,409,25,76,1148,100,123,1090,103,86,380,330,211,119,264,270
176,269,273,262,1932,303,5,71,871,34,267,76,125,74,425,352,185,167,270,265
245,265,275,259,2213,387,75,54,990,244,244,579,99,79,640,338,213,125,261,275
8,270,273,266,2514,405,52,64,1196,195,199,1108,101,88,284,330,216,114,268,273
18,268,276,260,2244,361,18,66,1006,80,108,930,78,79,609,326,228,98,261,276
203,247,253,242,1789,292,36,65,832,117,186,832,102,82,428,310,186,124,242,249
227,257,262,251,2302,379,12,66,1029,71,336,141,123,66,472,348,162,186,254,252
86,268,274,263,2314,316,70,49,916,234,308,916,95,76,404,331,207,124,263,267
20,268,272,263,2462,340,92,42,947,316,321,933,100,86,346,330,215,115,265,271
306,254,260,247,1243,241,9,78,647,38,185,91,122,73,497,336,169,167,253,251
123,263,268,260,1945,381,49,71,984,161,161,946,99,86,331,324,209,115,260,268
16,270,276,262,3266,534,65,59,1447,221,221,1447,81,81,536,326,227,99,262,276
27,265,269,260,2325,417,55,61,1078,195,232,1023,96,85,335,325,213,112,261,269
14,270,277,262,2389,393,25,67,1111,102,133,1013,76,80,586,325,230,95,264,277
167,264,269,260,1614,339,28,81,879,89,124,239,103,83,393,327,204,123,261,264
3,273,280,265,2781,479,6,77,1376,52,126,1326,74,80,571,323,231,92,267,280
174,258,265,250,2476,332,72,45,982,236,309,855,87,77,580,322,210,112,254,265
314,253,259,247,2383,397,11,70,1091,50,343,1091,138,68,593,357,156,201,247,249
257,259,265,255,2266,329,34,55,941,131,529,941,109,69,423,337,181,156,255,257
314,253,259,247,2329,379,6,72,1091,35,623,67,141,70,525,355,155,200,250,248
285,254,260,247,2219,373,9,69,990,48,328,128,131,67,553,350,156,194,251,249
NA,NA,NA,NA,NA,NA,NA,NA,NA,NA,NA,NA,NA,NA,NA,NA,NA,NA,NA,NA
NA,NA,NA,NA,NA,NA,NA,NA,NA,NA,NA,NA,NA,NA,NA,NA,NA,NA,NA,NA
256,259,263,255,1737,282,11,69,817,54,90,656,113,74,371,336,184,152,255,261
193,260,264,256,1704,289,15,65,726,71,233,685,115,77,320,336,188,148,256,261
347,252,257,247,2117,331,6,71,979,37,547,67,136,73,446,346,160,186,251,247
64,266,274,260,1942,335,27,70,960,109,109,777,88,83,584,324,219,105,261,274
91,269,276,263,2383,363,88,52,1001,268,285,992,92,82,501,330,218,112,264,273
NA,NA,NA,NA,NA,NA,NA,NA,NA,NA,NA,NA,NA,NA,NA,NA,NA,NA,NA,NA
18,270,272,265,2516,424,56,65,1222,209,218,1131,99,89,281,327,216,111,267,272
268,262,271,255,2373,361,104,47,1039,323,339,766,95,80,655,330,212,118,255,270
309,262,269,255,1582,272,2,79,776,11,169,45,125,73,555,345,175,170,259,258
159,264,273,258,2005,305,81,50,868,250,250,735,92,80,639,329,215,114,258,273
152,261,265,258,1569,283,23,68,762,75,185,762,112,74,306,336,186,150,258,260
28,267,275,260,2201,342,26,62,955,103,139,877,79,78,591,327,226,101,261,275
274,259,262,256,1588,351,11,88,921,58,150,855,109,81,276,326,193,133,257,260
27,268,270,264,2571,415,77,56,1153,265,285,1108,97,89,250,324,216,108,266,270
369,254,258,247,1886,304,6,70,853,34,490,63,132,75,425,341,165,176,254,248
16,270,277,264,2304,356,50,57,1026,195,195,841,93,84,501,330,220,110,266,277
219,265,271,261,1800,297,5,75,840,23,251,773,121,74,417,346,183,163,262,266
322,255,264,247,2095,352,46,54,900,173,235,682,95,80,649,324,206,118,250,263
341,251,258,245,2381,384,11,69,1067,53,371,1067,144,68,618,361,151,210,245,248
106,267,273,262,2293,322,57,51,919,210,305,909,96,74,410,332,203,129,264,266
208,264,270,259,1813,288,9,69,841,44,94,712,117,74,447,344,187,157,260,268
NA,NA,NA,NA,NA,NA,NA,NA,NA,NA,NA,NA,NA,NA,NA,NA,NA,NA,NA,NA
52,264,268,259,2229,405,43,63,1049,165,165,1002,97,84,375,325,210,115,259,268
61,269,272,263,2477,445,43,73,1284,155,203,1199,103,87,333,330,212,118,265,272
244,259,265,253,2593,407,45,55,1083,168,510,1083,106,75,485,330,190,140,253,258
116,268,275,262,2360,366,79,53,1005,248,287,1005,94,81,492,330,214,116,262,272
259,255,262,249,2318,393,9,70,1066,50,326,101,135,68,586,355,158,197,252,251
NA,NA,NA,NA,NA,NA,NA,NA,NA,NA,NA,NA,NA,NA,NA,NA,NA,NA,NA,NA
188,267,274,262,1595,277,8,74,759,31,62,652,110,72,512,345,193,152,263,272
30,270,276,265,2205,287,86,42,840,290,290,836,89,80,416,329,218,111,267,274
199,263,271,255,2050,324,48,51,853,186,257,684,92,81,653,328,215,113,257,271
291,250,254,246,2144,337,10,68,972,48,516,48,132,74,370,340,162,178,247,246
82,270,274,266,2411,444,30,78,1290,106,132,1213,104,88,288,331,213,118,268,273
268,254,262,247,2174,365,45,54,927,155,222,701,94,78,582,324,205,119,250,262
11,269,275,261,2831,549,16,84,1535,63,63,1372,82,84,509,323,226,97,262,275
151,266,272,260,2282,313,59,49,895,200,439,894,102,75,455,334,199,135,262,264
8,265,272,258,3382,516,30,68,1445,136,136,1422,83,74,565,329,218,111,259,272
326,258,267,251,2302,349,100,47,1010,306,324,748,95,80,663,327,209,118,252,267
38,269,275,263,2323,355,51,56,1028,199,207,842,94,84,502,330,219,111,265,275
92,264,270,259,1890,337,36,67,893,117,117,871,93,82,449,323,210,113,260,270
206,265,268,259,1708,265,4,70,755,30,254,64,128,75,395,349,179,170,265,260
296,259,269,252,2231,337,95,48,976,295,310,747,95,81,671,327,210,117,253,268
206,258,262,254,1817,294,14,65,766,63,263,749,120,77,322,337,182,155,255,259
54,270,278,263,1865,272,48,51,768,154,187,608,89,82,610,331,223,108,264,278
316,254,259,250,2405,363,15,66,1058,67,353,1052,126,67,465,349,162,187,250,251
NA,NA,NA,NA,NA,NA,NA,NA,NA,NA,NA,NA,NA,NA,NA,NA,NA,NA,NA,NA
273,254,258,249,2152,336,9,70,988,42,544,77,135,72,404,347,162,185,252,249
236,250,252,246,2021,313,16,64,910,79,317,127,129,78,287,332,167,165,249,247
149,261,266,256,2352,382,12,65,1045,74,346,141,122,65,481,352,166,186,258,256
295,253,258,248,2152,333,8,70,991,39,550,73,136,73,421,347,161,186,251,248
29,268,276,260,2144,358,22,66,997,99,110,884,78,80,605,325,228,97,262,276
52,272,279,266,2227,321,71,47,905,240,240,874,87,81,512,332,225,107,267,279
271,257,262,252,2204,347,24,63,945,90,344,945,119,69,455,344,172,172,252,254
358,245,249,241,2105,330,12,68,951,52,507,52,132,75,342,333,159,174,244,241
336,245,249,242,2014,310,13,65,879,64,460,879,126,78,314,326,165,161,242,243
267,255,261,249,2166,335,18,61,950,95,433,950,111,75,460,329,182,147,249,253
201,257,264,249,2405,338,68,46,958,221,291,811,90,78,585,323,208,115,252,264
115,264,268,260,1935,392,48,75,1018,149,164,970,100,85,314,325,208,117,260,265
122,261,269,254,2396,334,54,50,958,181,255,870,83,78,596,323,217,106,257,269
27,267,275,259,2273,345,21,64,987,89,122,930,79,78,598,327,226,101,260,274
291,252,256,249,1884,287,19,60,780,89,290,752,118,79,280,328,179,149,251,252
281,256,261,249,2179,348,5,72,1022,34,569,63,138,71,511,353,160,193,255,250
NA,NA,NA,NA,NA,NA,NA,NA,NA,NA,NA,NA,NA,NA,NA,NA,NA,NA,NA,NA
294,256,261,251,2159,341,25,62,918,96,346,913,118,69,452,341,172,169,251,253
218,253,258,248,1607,268,16,69,773,59,182,128,118,71,390,333,169,164,252,250
187,259,265,253,2281,368,10,71,1035,45,303,109,129,67,530,355,163,192,256,254
NA,NA,NA,NA,NA,NA,NA,NA,NA,NA,NA,NA,NA,NA,NA,NA,NA,NA,NA,NA
363,259,269,252,2075,416,53,62,978,192,192,509,105,77,694,340,204,136,254,269
242,256,263,251,2372,396,11,69,1081,52,329,106,133,67,548,357,160,197,253,252
340,251,256,245,2369,384,9,70,1083,42,629,1083,139,70,530,353,155,198,245,247
260,255,260,249,2409,385,8,69,1122,66,322,1097,128,71,465,347,167,180,250,252
263,257,262,253,2250,352,21,64,974,84,565,974,120,68,449,345,171,174,253,254
378,254,263,246,2031,385,46,59,928,156,213,588,100,78,669,329,202,127,248,263
171,250,256,246,1941,321,31,69,925,107,198,925,102,82,395,313,189,124,246,253
112,266,271,262,1893,369,46,72,954,144,144,600,98,84,379,327,211,116,262,271
332,251,259,244,2092,403,34,60,953,136,136,583,96,79,581,322,201,121,247,259
56,270,273,266,2389,436,33,78,1295,120,133,1195,104,88,276,331,213,118,268,273
149,256,263,251,1839,324,45,63,862,138,224,831,99,80,495,319,196,123,252,258
257,266,272,260,2262,372,6,76,1073,28,293,70,122,73,431,349,182,167,266,264
356,250,258,242,2337,357,57,49,943,202,273,774,92,80,619,317,203,114,245,258
69,267,274,261,2005,334,37,65,929,127,133,814,91,84,547,326,218,108,262,274
6,268,276,261,2328,376,16,68,1054,76,103,980,77,78,596,327,229,98,262,276
82,270,276,264,2170,310,69,48,878,237,280,871,96,79,477,333,212,121,266,273
501,244,250,237,2434,399,11,69,1089,47,347,1089,136,68,561,347,149,198,237,241
244,246,251,241,1860,300,29,66,878,112,159,878,104,81,398,310,183,127,241,248
37,274,282,268,2472,416,77,53,1088,269,269,932,89,80,600,337,227,110,269,282
218,255,260,251,1901,315,19,68,897,96,198,895,108,83,330,322,192,130,253,256
77,266,269,262,2029,409,44,76,1077,139,179,1025,101,87,285,326,210,116,263,267
196,262,271,255,2219,326,56,48,882,199,269,741,90,81,623,325,215,110,257,270
24,267,270,263,2446,352,82,50,1007,258,267,968,103,87,315,330,212,118,265,270
NA,NA,NA,NA,NA,NA,NA,NA,NA,NA,NA,NA,NA,NA,NA,NA,NA,NA,NA,NA
187,251,258,246,1521,277,25,73,777,88,140,777,97,81,468,313,194,119,246,254
191,268,275,262,2405,391,100,48,1063,312,312,731,93,80,560,334,218,116,263,275
NA,NA,NA,NA,NA,NA,NA,NA,NA,NA,NA,NA,NA,NA,NA,NA,NA,NA,NA,NA
291,252,257,245,2146,368,9,69,981,55,305,122,128,67,507,344,155,189,249,246
224,254,259,249,2059,332,10,61,906,83,443,906,117,75,415,332,178,154,249,252
267,264,271,259,1673,275,3,77,802,14,201,47,122,73,480,346,180,166,262,262
318,261,269,255,1483,242,2,78,715,10,157,46,125,73,547,345,175,170,258,259
NA,NA,NA,NA,NA,NA,NA,NA,NA,NA,NA,NA,NA,NA,NA,NA,NA,NA,NA,NA
NA,NA,NA,NA,NA,NA,NA,NA,NA,NA,NA,NA,NA,NA,NA,NA,NA,NA,NA,NA
229,259,263,255,1644,272,16,63,728,68,108,664,115,76,339,336,186,150,256,261
327,254,260,249,1348,232,11,69,639,50,146,262,119,72,446,337,173,164,251,254
359,255,259,249,1848,298,6,70,832,33,482,62,131,74,394,342,167,175,255,250
84,266,273,259,1913,327,27,69,921,111,111,782,89,83,572,324,218,106,261,273
85,271,274,266,2372,445,28,79,1279,97,130,1207,104,86,317,332,212,120,268,274
NA,NA,NA,NA,NA,NA,NA,NA,NA,NA,NA,NA,NA,NA,NA,NA,NA,NA,NA,NA
5,266,274,260,1692,280,27,63,777,119,156,576,88,80,599,326,216,110,260,273
NA,NA,NA,NA,NA,NA,NA,NA,NA,NA,NA,NA,NA,NA,NA,NA,NA,NA,NA,NA
264,255,262,249,2321,376,9,70,1077,49,337,89,139,69,587,358,157,201,252,251
126,266,273,259,1939,288,47,53,822,164,184,636,90,82,576,327,218,109,261,273
278,248,252,245,1967,294,27,58,848,122,296,783,122,81,298,322,173,149,245,248
428,255,263,249,2197,383,72,56,1017,236,236,869,98,80,580,323,202,121,249,263
228,253,259,247,1782,308,32,63,827,123,249,815,102,80,477,317,190,127,248,254
22,268,270,263,2526,410,82,55,1116,275,275,1081,97,88,262,325,216,109,265,270
308,253,258,248,2361,382,8,70,1089,40,631,79,140,69,532,356,155,201,248,248
22,267,270,262,2612,417,55,63,1194,184,197,1098,105,88,312,330,211,119,264,270
209,263,268,260,1923,306,5,72,898,34,261,793,127,76,342,346,180,166,261,263
318,259,268,252,2166,373,69,53,973,227,227,641,99,79,651,332,207,125,253,268
259,266,272,261,1807,296,3,77,855,18,230,50,121,73,461,347,182,165,265,264
182,264,270,259,2230,301,55,49,879,211,302,879,99,75,419,331,199,132,259,263
219,265,271,260,1770,284,7,72,829,36,74,717,115,73,454,344,188,156,261,268
176,260,267,252,2435,324,74,45,954,240,297,840,86,80,588,322,215,107,255,267
48,265,268,260,2265,408,56,62,1059,191,191,1020,98,85,333,325,211,114,261,268
51,266,271,261,1967,352,36,66,920,119,119,884,93,83,432,325,213,112,262,271
127,266,271,262,2225,314,50,52,907,185,297,907,99,73,395,334,199,135,262,265
158,259,264,254,2063,382,29,76,1077,102,159,1015,99,82,415,320,200,120,254,260
322,262,268,257,1719,279,3,77,822,16,212,48,122,73,474,343,178,165,259,260
NA,NA,NA,NA,NA,NA,NA,NA,NA,NA,NA,NA,NA,NA,NA,NA,NA,NA,NA,NA
283,256,261,251,2295,355,19,64,999,80,346,999,122,68,464,346,168,178,251,253
92,266,271,261,2139,393,27,75,1109,108,174,1051,100,84,397,327,208,119,262,267
NA,NA,NA,NA,NA,NA,NA,NA,NA,NA,NA,NA,NA,NA,NA,NA,NA,NA,NA,NA
313,256,262,252,1881,296,10,65,847,56,121,804,121,75,405,338,178,160,252,259
197,252,259,247,1784,319,45,64,861,156,184,807,95,80,512,313,195,118,248,254
352,253,261,245,2012,382,35,61,917,120,120,612,98,79,620,325,202,123,248,261
244,263,272,256,2435,371,107,47,1064,339,351,782,95,80,643,332,214,118,257,272
216,255,259,250,1880,316,18,69,899,95,183,899,107,83,348,320,192,128,250,255
180,255,262,247,2770,403,51,54,1128,190,227,1018,89,74,555,322,203,119,251,261
140,264,272,257,2356,337,50,52,978,193,214,810,88,81,604,326,218,108,259,271
15,269,272,265,2550,420,56,63,1211,206,206,1133,98,89,263,326,217,109,267,272
45,259,267,254,1964,336,45,64,890,145,159,806,97,79,539,323,201,122,255,265
337,251,258,245,2399,398,12,70,1095,46,352,1095,141,68,596,359,154,205,245,248
15,270,277,263,2450,335,50,48,955,227,251,867,88,82,547,330,223,107,266,276
351,249,252,246,1935,288,20,60,782,78,321,782,124,78,263,329,171,158,246,248
99,271,280,265,2572,405,102,48,1119,334,335,896,91,80,605,336,223,113,266,276
315,251,257,246,2383,382,9,68,1081,54,340,1080,133,70,499,349,161,188,246,249
265,264,274,257,2022,414,42,64,982,176,176,478,101,78,686,340,211,129,259,274
315,251,256,247,2266,359,8,70,1041,42,581,84,137,72,438,349,159,190,248,247
413,251,258,246,1310,219,10,70,619,43,146,237,118,71,492,334,170,164,248,252
219,260,263,256,1780,279,9,68,764,37,275,75,129,75,308,345,175,170,258,257
369,249,255,243,2405,393,10,69,1091,43,367,1091,140,69,554,354,153,201,243,246
343,254,263,247,2078,354,46,54,903,174,233,670,95,79,656,324,205,119,248,263
80,269,271,265,2263,439,32,81,1244,105,133,1157,104,88,260,329,211,118,267,271
246,258,263,253,2205,349,21,64,957,85,546,957,120,69,461,345,173,172,253,255
226,265,272,261,1605,270,6,73,757,34,64,660,113,72,501,344,189,155,261,269
227,258,262,255,1666,270,12,69,784,53,195,784,114,73,338,336,181,155,255,259
258,254,259,247,1345,247,11,74,664,45,114,100,125,71,485,340,165,175,254,251
282,263,273,258,2104,386,61,58,984,213,213,488,99,79,629,335,211,124,258,273
63,273,281,266,2254,329,61,52,964,207,207,896,85,80,581,333,228,105,267,281
NA,NA,NA,NA,NA,NA,NA,NA,NA,NA,NA,NA,NA,NA,NA,NA,NA,NA,NA,NA
NA,NA,NA,NA,NA,NA,NA,NA,NA,NA,NA,NA,NA,NA,NA,NA,NA,NA,NA,NA
317,245,248,242,2040,317,24,64,919,81,295,140,127,79,277,324,165,159,243,243
302,260,264,253,1808,296,4,72,825,30,463,59,129,74,429,345,172,173,260,254
301,250,257,242,2413,354,64,47,970,213,281,800,91,77,593,317,199,118,246,257
136,266,270,262,2370,353,24,60,1037,101,565,181,110,65,421,348,179,169,263,262
233,261,266,256,2258,335,33,58,960,115,541,960,110,67,429,341,179,162,256,258
357,250,256,244,2394,389,9,70,1091,41,372,1091,141,69,554,355,153,202,244,247
234,266,276,260,2141,393,65,57,979,221,221,537,101,78,668,341,213,128,261,276
171,257,264,250,2465,342,67,47,982,219,284,847,89,76,567,323,207,116,253,264
332,252,257,247,2122,327,7,71,977,38,546,70,136,73,446,346,160,186,251,247
312,260,265,256,1994,340,4,75,953,28,267,865,125,75,377,342,176,166,257,259
195,267,274,262,1594,273,7,74,756,33,64,654,112,73,510,345,192,153,263,272
226,260,265,256,1809,287,12,67,854,66,108,676,115,75,395,338,186,152,256,263
263,257,265,249,2097,362,39,57,909,143,202,682,95,79,606,327,208,119,252,265
125,267,273,262,2255,317,69,48,905,245,288,905,96,78,436,330,208,122,262,270
82,258,266,253,1928,316,46,62,867,155,171,808,97,80,544,322,201,121,254,264
236,265,275,260,1901,357,44,63,915,174,174,899,97,78,632,336,213,123,261,275
88,264,272,259,2111,339,61,60,941,197,226,941,95,80,543,328,210,118,259,266
109,268,275,262,2343,330,82,49,968,264,280,968,93,80,480,330,215,115,262,272
275,265,271,260,1905,311,4,77,902,20,243,53,121,72,457,347,181,166,265,263
NA,NA,NA,NA,NA,NA,NA,NA,NA,NA,NA,NA,NA,NA,NA,NA,NA,NA,NA,NA
8,276,285,270,2350,393,41,60,1053,163,163,1015,85,80,598,336,231,105,270,285
NA,NA,NA,NA,NA,NA,NA,NA,NA,NA,NA,NA,NA,NA,NA,NA,NA,NA,NA,NA
114,268,275,262,2214,317,70,48,890,242,284,888,96,79,490,331,210,121,264,272
315,251,256,247,2315,371,8,70,1062,42,599,87,138,71,460,351,158,193,247,247
259,245,250,240,1834,295,30,66,863,114,217,863,105,82,415,309,182,127,240,247
80,268,277,262,2063,320,72,52,890,235,235,788,92,80,618,332,218,114,262,277
201,250,254,246,1801,307,26,64,857,110,210,857,112,81,361,319,182,137,246,249
108,265,273,259,2112,316,53,59,934,183,216,896,93,80,574,329,213,116,259,272
NA,NA,NA,NA,NA,NA,NA,NA,NA,NA,NA,NA,NA,NA,NA,NA,NA,NA,NA,NA
158,266,274,259,1660,264,34,61,769,114,114,600,87,82,606,325,219,106,260,274
362,256,266,249,2163,365,69,52,967,229,271,657,98,79,690,329,205,124,250,266
106,269,272,265,2206,434,25,83,1220,85,122,1150,104,86,275,330,210,120,267,271
3,273,280,265,2781,479,6,77,1376,52,126,1326,74,80,571,323,231,92,267,280
NA,NA,NA,NA,NA,NA,NA,NA,NA,NA,NA,NA,NA,NA,NA,NA,NA,NA,NA,NA
222,264,267,258,1733,274,4,71,773,30,260,62,128,74,390,349,177,172,263,259
321,250,254,247,1905,293,20,60,824,99,271,761,114,81,295,322,182,140,249,251
316,262,268,258,1765,289,3,76,835,18,225,49,122,73,444,344,179,165,260,260
244,265,270,261,2293,389,5,77,1125,30,283,68,123,73,390,348,181,167,265,263
352,251,259,244,2034,405,30,62,943,129,129,551,97,79,604,323,201,122,247,259
19,270,277,263,2484,359,42,53,1003,186,218,977,83,81,533,328,226,102,264,276
271,257,262,252,2204,347,24,63,945,90,344,945,119,69,455,344,172,172,252,254
336,245,249,242,2014,310,13,65,879,64,460,879,126,78,314,326,165,161,242,243
347,252,257,247,2117,331,6,71,979,37,547,67,136,73,446,346,160,186,251,247
75,266,274,260,1934,332,27,69,944,111,111,781,89,83,573,324,218,106,261,274
105,262,268,258,2141,383,28,75,1096,107,155,1039,97,82,417,323,205,118,258,263
NA,NA,NA,NA,NA,NA,NA,NA,NA,NA,NA,NA,NA,NA,NA,NA,NA,NA,NA,NA
74,273,281,267,2013,366,45,58,880,173,173,852,85,80,542,332,227,105,268,281
21,270,277,263,3024,493,49,62,1397,182,182,1397,82,83,516,325,227,98,263,277
265,252,258,245,2105,362,8,70,980,49,291,104,129,67,572,345,154,191,250,246
316,258,266,250,1709,269,36,56,761,137,177,598,89,81,664,319,210,109,251,266
120,267,271,263,2042,304,30,57,895,121,427,895,105,68,395,342,189,153,263,264
7,269,276,261,2446,394,15,69,1116,74,74,1045,76,77,608,327,229,98,262,276
114,268,275,262,2214,317,70,48,890,242,284,888,96,79,490,331,210,121,264,272
48,268,274,261,2280,333,57,53,969,211,213,824,95,85,483,329,218,111,264,274
279,260,263,254,1764,280,5,70,784,31,462,62,129,75,386,345,173,172,259,255
4,269,277,263,1960,317,36,63,896,134,134,843,93,81,580,332,218,114,263,277
270,263,269,259,1796,293,5,75,838,22,240,770,121,74,433,344,181,163,260,264
496,246,255,239,2112,366,52,54,934,189,245,660,97,79,658,318,196,122,241,255
200,268,273,262,2103,335,6,72,959,35,283,81,124,74,409,351,184,167,268,265
198,259,263,255,1986,348,23,72,980,96,170,967,105,84,317,323,199,124,256,262
288,256,261,251,2393,355,16,66,1049,71,356,1042,124,67,496,349,164,185,251,252
NA,NA,NA,NA,NA,NA,NA,NA,NA,NA,NA,NA,NA,NA,NA,NA,NA,NA,NA,NA
61,263,269,258,2205,387,32,62,1006,146,146,1006,95,84,408,325,212,113,258,269
31,274,281,268,2259,328,67,49,914,218,233,907,84,80,522,333,228,105,269,280
148,266,271,260,2261,301,49,49,897,188,321,897,102,73,448,336,197,139,260,264
112,265,270,260,2003,379,24,76,1054,96,172,1000,101,84,391,326,207,119,261,266
218,267,272,262,2284,374,6,74,1069,34,300,80,124,74,393,350,183,167,267,265
324,261,272,254,1958,406,46,64,934,169,169,466,107,77,703,344,206,138,257,272
293,250,255,246,2210,349,10,66,1001,63,510,1001,128,73,417,339,165,174,246,248
229,251,258,245,1770,314,49,63,845,153,198,800,96,80,496,312,193,119,246,252
158,265,273,257,2122,326,51,49,867,194,270,707,91,81,626,329,217,112,259,273
394,251,256,247,2471,376,17,64,1072,79,384,139,122,66,460,342,158,184,247,247
86,269,272,265,2270,439,29,81,1250,97,127,1167,104,87,271,330,211,119,267,272
252,265,275,259,2082,395,57,59,979,204,204,494,101,78,658,340,212,128,260,275
193,263,271,255,2130,314,54,49,857,187,252,710,89,81,637,325,216,109,257,271
208,253,259,248,1836,300,16,63,842,97,318,842,109,79,435,322,185,137,248,252
90,260,267,253,3046,451,40,61,1269,163,179,1204,86,74,559,326,211,115,257,267
233,260,269,253,2156,317,53,49,867,186,242,722,89,80,624,323,213,110,255,268
36,267,276,261,1629,266,35,60,734,132,158,734,87,80,602,327,219,108,261,274
51,266,271,261,1967,352,36,66,920,119,119,884,93,83,432,325,213,112,262,271
321,254,259,248,2104,333,5,71,979,34,545,63,136,72,455,348,161,187,253,248
14,270,276,263,2563,340,60,46,975,254,284,947,88,83,509,329,223,106,265,276
329,248,252,243,2123,329,12,65,950,61,494,933,127,75,390,333,164,169,244,245
20,269,273,263,2828,376,107,40,1074,356,418,1036,93,86,409,328,220,108,264,273
305,254,260,248,2394,360,12,67,1060,62,343,1054,129,68,517,351,162,189,249,251
9,266,273,258,3490,539,22,69,1542,122,122,1466,81,75,572,328,221,107,261,273
313,261,268,257,1663,272,5,76,782,20,199,721,121,73,464,343,179,164,258,262
237,249,252,245,2048,332,15,68,946,57,468,57,129,77,314,332,165,167,247,245
233,264,269,260,1820,300,5,73,840,29,275,772,122,74,411,345,182,163,261,265
196,259,265,253,2311,371,11,69,1042,53,313,119,127,66,522,353,163,190,255,254
NA,NA,NA,NA,NA,NA,NA,NA,NA,NA,NA,NA,NA,NA,NA,NA,NA,NA,NA,NA
49,272,278,265,2168,322,70,50,927,231,231,868,89,81,512,332,223,109,267,278
238,257,263,252,2247,356,15,65,1005,77,516,1005,121,70,457,344,173,171,252,255
311,249,254,245,2161,336,10,67,975,50,516,969,131,74,407,339,162,177,245,246
219,261,265,257,2314,348,21,60,1022,109,514,200,109,65,392,342,176,166,258,257
133,266,271,261,2167,307,33,52,902,161,426,902,103,71,412,338,194,144,261,264
NA,NA,NA,NA,NA,NA,NA,NA,NA,NA,NA,NA,NA,NA,NA,NA,NA,NA,NA,NA
161,252,260,247,2039,384,44,66,971,135,144,513,97,80,551,316,195,121,249,259
NA,NA,NA,NA,NA,NA,NA,NA,NA,NA,NA,NA,NA,NA,NA,NA,NA,NA,NA,NA
295,253,261,245,2268,358,52,50,935,183,252,746,93,79,593,321,204,117,248,260
237,257,263,252,2171,342,16,64,958,77,504,958,118,71,451,341,176,165,252,255
278,258,262,251,2046,329,4,72,956,32,527,60,135,72,487,350,164,186,257,251
268,253,261,246,2219,366,49,52,936,166,234,713,94,78,584,322,203,119,249,261
179,261,265,257,1621,276,16,64,712,71,237,647,114,76,342,337,188,149,257,262
267,259,264,255,2255,333,31,58,965,112,339,965,110,67,417,339,177,162,255,256
354,250,256,244,2408,393,10,70,1093,41,371,1093,141,69,557,356,153,203,244,247
354,253,261,245,2039,373,37,60,915,135,189,639,97,79,634,325,203,122,248,261
NA,NA,NA,NA,NA,NA,NA,NA,NA,NA,NA,NA,NA,NA,NA,NA,NA,NA,NA,NA
411,248,255,241,2416,406,11,70,1095,45,345,1095,138,68,596,353,152,201,241,245
214,257,262,251,2288,376,12,66,1024,67,328,140,125,66,490,349,161,188,254,252
260,255,260,249,2409,385,8,69,1122,66,322,1097,128,71,465,347,167,180,250,252
329,248,252,243,2123,329,12,65,950,61,494,933,127,75,390,333,164,169,244,245
5,269,276,260,2633,415,14,70,1200,72,72,1143,76,78,606,326,229,97,262,276
216,261,267,256,1363,276,16,82,752,56,129,163,110,79,448,330,192,138,259,261
105,260,267,255,1525,318,13,85,861,85,116,861,93,82,492,320,207,113,255,263
NA,NA,NA,NA,NA,NA,NA,NA,NA,NA,NA,NA,NA,NA,NA,NA,NA,NA,NA,NA
17,272,278,267,2179,305,78,43,847,275,275,847,87,81,439,330,223,107,267,278
181,252,259,247,1601,279,35,64,753,125,191,753,98,80,458,314,193,121,247,254
313,253,260,247,2353,377,12,70,1089,52,351,1089,142,69,623,359,155,204,247,249
NA,NA,NA,NA,NA,NA,NA,NA,NA,NA,NA,NA,NA,NA,NA,NA,NA,NA,NA,NA
56,266,271,261,2227,376,34,59,978,172,172,978,93,84,411,325,215,110,261,271
NA,NA,NA,NA,NA,NA,NA,NA,NA,NA,NA,NA,NA,NA,NA,NA,NA,NA,NA,NA
66,271,277,265,2132,313,65,49,881,221,273,867,97,79,488,335,213,122,267,274
354,250,256,244,2396,392,9,69,1089,42,360,1089,139,70,541,353,155,198,244,247
129,267,273,261,2233,317,64,48,882,235,296,882,97,76,455,332,206,126,261,266
19,270,274,264,2646,411,41,61,1205,160,249,1145,94,88,359,326,220,106,266,274
211,249,254,245,1811,301,25,64,847,112,210,847,112,82,361,318,182,136,245,249
34,270,273,266,2455,433,46,74,1278,148,148,1175,103,88,293,331,214,117,268,273
354,257,266,250,2285,345,95,48,1006,295,319,730,96,80,639,326,207,119,251,265
134,270,278,263,2373,420,63,55,1055,229,229,928,89,81,613,332,223,109,264,278
359,253,262,246,2091,348,48,53,896,181,244,681,94,79,646,322,204,118,248,262
36,270,276,265,2198,285,85,42,843,286,286,839,89,80,434,329,218,111,266,274
NA,NA,NA,NA,NA,NA,NA,NA,NA,NA,NA,NA,NA,NA,NA,NA,NA,NA,NA,NA
NA,NA,NA,NA,NA,NA,NA,NA,NA,NA,NA,NA,NA,NA,NA,NA,NA,NA,NA,NA
170,268,271,262,1850,281,5,69,815,37,266,81,126,75,371,351,183,168,268,264
397,248,252,244,1853,299,20,63,817,90,243,754,112,81,302,320,182,138,246,249
324,252,259,246,2374,387,12,70,1092,51,348,1092,140,68,622,358,155,203,246,249
378,249,256,243,2393,398,11,70,1095,47,347,1095,140,68,609,356,153,203,243,246
10,266,273,258,3168,483,27,67,1360,124,131,1338,82,75,587,329,220,109,259,273
447,251,260,243,2027,322,61,51,895,225,263,669,95,80,662,319,201,118,245,259
243,248,251,243,2088,340,19,68,996,66,479,66,131,77,342,331,163,168,248,243
507,240,244,237,1980,284,21,57,786,97,337,776,122,79,289,318,165,153,237,240
499,243,249,236,2442,405,11,70,1097,40,376,1097,143,68,596,352,144,208,236,240
52,267,274,261,2261,350,50,58,1007,179,191,880,95,84,472,328,216,112,264,273
205,252,259,247,1534,277,31,71,781,107,156,781,96,81,481,313,195,118,247,254
NA,NA,NA,NA,NA,NA,NA,NA,NA,NA,NA,NA,NA,NA,NA,NA,NA,NA,NA,NA
42,265,269,261,2253,406,60,63,1061,196,196,1032,99,86,312,326,211,115,262,269
48,268,276,261,2366,340,43,51,960,197,214,817,87,82,575,329,223,106,264,275
264,255,262,248,2299,374,7,70,1069,46,330,90,137,69,590,355,157,198,252,250
24,270,274,264,2697,418,43,61,1233,166,254,1174,91,88,393,325,222,103,266,274
344,247,250,244,1960,284,21,57,828,117,305,764,119,82,266,319,174,145,245,246
25,268,276,260,2202,349,21,65,973,89,119,896,79,79,610,326,227,99,261,275
176,252,258,247,1625,277,27,64,769,110,216,769,102,80,448,316,190,126,247,254
11,270,273,265,2592,420,49,63,1226,178,233,1153,96,88,281,326,218,108,267,273
194,265,269,260,1626,258,4,70,717,29,242,66,127,74,371,350,180,170,264,261
8,272,281,266,2285,364,43,60,1028,158,158,941,90,81,602,335,225,110,266,281
234,264,270,260,1827,306,4,75,855,24,260,792,122,74,406,345,182,163,261,265
322,255,264,247,2095,352,46,54,900,173,235,682,95,80,649,324,206,118,250,263
279,254,261,247,2257,373,10,69,1014,47,323,104,134,68,599,351,156,195,250,248
128,266,272,262,2250,313,57,50,904,209,296,904,98,74,394,333,202,131,262,265
416,255,263,250,1260,200,4,73,580,23,160,185,118,72,525,337,175,162,251,256
322,254,263,247,2131,356,45,54,908,169,232,696,94,79,628,323,205,118,249,262
4,272,280,266,1731,295,28,66,836,98,98,640,86,82,595,330,226,104,266,280
35,273,280,267,2229,335,65,50,915,214,238,915,85,80,505,332,227,105,267,279
148,266,271,260,2261,301,49,49,897,188,321,897,102,73,448,336,197,139,260,264
39,270,276,265,2224,294,85,44,875,277,284,869,90,79,421,329,216,113,267,274
278,258,262,251,2046,329,4,72,956,32,527,60,135,72,487,350,164,186,257,251
268,264,275,258,2036,412,45,63,982,183,183,482,102,78,685,341,211,130,259,275
350,257,264,252,1307,212,7,71,612,32,155,217,117,72,512,338,177,161,253,258
148,265,268,261,2009,417,23,85,1133,81,117,1063,104,85,278,327,206,121,263,267
309,262,270,256,2406,394,101,49,1067,311,311,706,95,81,569,329,212,117,257,270
305,255,260,251,2407,358,16,65,1052,72,361,1045,124,67,477,348,163,185,251,251
102,266,271,263,1606,363,21,87,915,77,128,874,103,85,312,328,207,121,264,267
NA,NA,NA,NA,NA,NA,NA,NA,NA,NA,NA,NA,NA,NA,NA,NA,NA,NA,NA,NA
170,268,276,261,2505,384,110,46,1094,356,356,803,94,79,625,336,218,118,262,276
216,255,259,250,1880,316,18,69,899,95,183,899,107,83,348,320,192,128,250,255
NA,NA,NA,NA,NA,NA,NA,NA,NA,NA,NA,NA,NA,NA,NA,NA,NA,NA,NA,NA
6,272,278,265,2614,428,23,66,1229,101,101,1193,79,83,515,324,229,95,266,278
71,262,267,257,2209,394,35,63,1024,150,150,1024,96,84,400,324,210,114,257,267
29,274,282,268,2236,325,64,50,938,216,216,878,85,81,548,334,230,104,269,282
280,264,270,259,1782,294,4,77,843,19,229,49,122,73,448,345,180,165,262,262
23,270,277,263,2416,346,47,50,977,213,236,821,88,82,526,330,223,107,266,276
333,249,252,246,1939,284,19,60,780,78,329,780,125,79,260,329,171,158,247,248
18,270,277,263,2512,363,55,49,1021,245,279,824,91,83,542,331,222,109,266,276
342,253,258,249,2464,385,15,64,1077,77,381,137,122,65,465,345,160,185,250,249
8,265,272,258,3382,516,30,68,1445,136,136,1422,83,74,565,329,218,111,259,272
198,258,264,253,2342,379,12,66,1045,67,335,137,124,65,487,351,163,188,256,254
165,264,269,260,2477,367,23,61,1080,97,606,174,112,65,434,348,176,172,262,260
427,248,251,244,1881,300,7,68,818,40,307,73,131,75,328,335,162,173,247,244
197,257,262,251,2216,373,10,67,1007,68,317,132,123,66,484,347,162,185,255,252
337,254,262,246,2131,352,47,53,904,177,243,697,94,80,635,322,205,117,249,262
131,260,268,254,1912,288,52,60,860,182,209,860,97,80,552,324,203,121,254,262
247,260,264,255,2418,360,20,61,1064,102,561,187,111,64,406,343,172,171,257,256
321,250,255,245,2284,364,9,67,1038,57,535,1031,131,73,445,342,163,179,245,247
219,261,265,257,2314,348,21,60,1022,109,514,200,109,65,392,342,176,166,258,257
247,257,263,251,2315,362,22,61,1003,102,466,1003,110,75,465,331,185,146,251,255
NA,NA,NA,NA,NA,NA,NA,NA,NA,NA,NA,NA,NA,NA,NA,NA,NA,NA,NA,NA
34,270,273,266,2455,433,46,74,1278,148,148,1175,103,88,293,331,214,117,268,273
340,257,267,250,2040,390,52,59,934,173,173,569,101,78,682,334,205,129,252,267
NA,NA,NA,NA,NA,NA,NA,NA,NA,NA,NA,NA,NA,NA,NA,NA,NA,NA,NA,NA
286,257,262,253,2228,339,29,59,932,109,569,932,114,68,433,340,174,166,253,254
237,255,262,249,2182,370,7,68,960,51,334,136,131,67,551,351,158,193,253,250
NA,NA,NA,NA,NA,NA,NA,NA,NA,NA,NA,NA,NA,NA,NA,NA,NA,NA,NA,NA
312,254,260,250,1413,238,12,68,662,54,156,281,118,72,434,336,174,162,251,254
312,245,249,243,2007,306,25,62,887,88,292,887,124,80,284,323,168,155,243,244
327,256,259,251,1814,289,6,69,804,34,476,65,130,75,353,342,169,173,256,251
8,268,276,260,2312,356,17,66,1020,78,108,965,79,79,603,327,227,100,262,276
276,264,273,258,2054,392,53,60,976,197,197,469,100,79,647,337,211,126,259,273
271,259,262,254,1766,279,6,70,779,32,276,64,130,75,361,345,172,173,259,255
220,262,265,258,1701,270,6,69,741,33,255,72,128,75,306,347,177,170,260,259
274,257,262,253,2374,355,20,64,1028,81,365,1028,121,67,454,347,167,180,253,254
286,258,262,254,2544,377,20,61,1108,97,403,174,113,64,423,343,168,175,255,254
157,260,267,252,2477,341,72,44,980,246,324,858,86,78,585,323,213,110,255,267
92,270,274,266,2206,412,23,78,1151,88,143,1125,102,86,298,331,213,118,268,273
112,266,271,262,1893,369,46,72,954,144,144,600,98,84,379,327,211,116,262,271
383,252,260,245,1937,404,28,64,903,137,137,477,99,79,607,325,201,124,248,260
34,273,280,267,2231,321,72,46,882,237,257,882,86,81,508,332,226,106,267,279
110,268,275,262,2324,372,73,54,1005,236,279,1005,95,81,488,330,214,116,262,272
229,252,258,245,2002,359,6,73,971,50,251,88,127,67,549,343,155,188,250,246
NA,NA,NA,NA,NA,NA,NA,NA,NA,NA,NA,NA,NA,NA,NA,NA,NA,NA,NA,NA
32,267,270,261,2442,414,65,61,1132,209,214,1039,104,86,345,331,211,120,263,270
NA,NA,NA,NA,NA,NA,NA,NA,NA,NA,NA,NA,NA,NA,NA,NA,NA,NA,NA,NA
164,260,265,255,2023,366,29,74,1034,95,197,1001,102,84,382,321,200,121,256,261
200,262,266,259,1781,283,7,69,775,36,263,79,128,75,320,347,178,169,260,260
251,259,264,254,1310,284,10,84,745,49,138,128,114,78,375,331,185,146,257,259
40,264,269,259,2365,431,48,62,1113,182,213,1043,94,84,375,324,213,111,260,268
218,255,260,251,1901,315,19,68,897,96,198,895,108,83,330,322,192,130,253,256
10,275,282,269,2168,338,57,53,916,201,215,916,84,80,504,334,229,105,269,281
78,267,275,260,2338,338,43,52,958,189,202,806,86,81,567,328,222,106,263,274
89,272,280,266,2188,382,62,54,970,218,218,841,87,81,574,333,226,107,267,280
NA,NA,NA,NA,NA,NA,NA,NA,NA,NA,NA,NA,NA,NA,NA,NA,NA,NA,NA,NA
232,251,258,245,1799,318,48,63,851,148,213,813,98,80,494,313,192,121,246,252
NA,NA,NA,NA,NA,NA,NA,NA,NA,NA,NA,NA,NA,NA,NA,NA,NA,NA,NA,NA
NA,NA,NA,NA,NA,NA,NA,NA,NA,NA,NA,NA,NA,NA,NA,NA,NA,NA,NA,NA
332,252,258,247,2263,363,6,71,1057,36,596,68,139,71,494,351,157,194,250,247
120,267,271,263,2042,304,30,57,895,121,427,895,105,68,395,342,189,153,263,264
173,269,272,263,1903,294,5,70,845,35,268,79,126,75,384,352,184,168,269,264
285,252,259,246,2167,369,8,67,964,54,326,139,129,67,538,347,156,191,250,247
NA,NA,NA,NA,NA,NA,NA,NA,NA,NA,NA,NA,NA,NA,NA,NA,NA,NA,NA,NA
16,270,276,263,2786,427,54,55,1163,209,262,1150,82,81,511,327,226,101,265,276
245,251,254,248,1988,293,16,59,832,90,341,139,127,78,285,331,170,161,250,249
304,249,252,247,1994,278,19,55,791,105,357,158,124,80,245,327,172,155,248,248
333,251,257,245,2409,390,10,70,1094,42,376,1094,142,69,567,358,153,205,245,248
18,265,273,260,1859,300,32,63,851,126,171,799,93,80,574,328,212,116,260,272
152,264,270,261,1666,348,32,80,898,100,128,257,102,84,377,327,206,121,262,265
343,258,267,251,1857,387,45,63,867,150,150,452,103,78,658,336,204,132,254,267
13,270,273,265,2523,394,52,63,1178,181,211,1099,100,88,300,329,216,113,268,273
153,265,273,257,2107,312,50,49,852,189,260,702,89,81,640,327,218,109,259,273
309,262,269,255,1582,272,2,79,776,11,169,45,125,73,555,345,175,170,259,258
33,274,283,268,2526,411,90,50,1104,304,304,915,90,81,606,338,227,111,269,283
283,256,262,251,2161,330,17,63,936,74,494,936,113,72,446,335,179,156,251,254
322,260,270,253,2151,397,66,56,973,218,218,580,102,78,686,337,207,130,255,270
70,271,277,264,2086,309,63,49,869,222,345,846,98,80,486,334,212,122,266,273
27,268,270,264,2571,415,77,56,1153,265,285,1108,97,89,250,324,216,108,266,270
208,266,271,262,2232,370,5,75,1081,34,277,73,125,74,361,349,182,167,265,265
65,264,268,259,2220,404,53,64,1051,184,184,1017,98,85,351,325,210,115,260,268
367,250,254,245,2069,316,9,69,939,41,528,73,134,74,391,341,160,181,249,245
73,266,274,258,2234,341,38,58,962,146,168,866,80,80,599,324,224,100,260,273
279,254,261,247,2257,373,10,69,1014,47,323,104,134,68,599,351,156,195,250,248
110,269,273,265,1987,375,18,79,1025,75,83,1025,99,82,309,332,212,120,265,271
289,253,256,250,1904,306,7,65,803,53,313,90,128,76,278,337,170,167,251,251
263,263,272,256,2198,383,75,53,990,240,240,619,100,78,654,338,211,127,258,272
61,270,278,263,1660,282,31,67,808,100,100,634,85,80,626,328,223,105,264,278
51,266,271,261,1967,352,36,66,920,119,119,884,93,83,432,325,213,112,262,271
144,265,270,261,2241,313,49,52,908,187,302,908,98,72,387,333,198,135,261,263
56,270,276,265,2201,307,73,48,910,254,254,910,90,79,439,330,217,113,265,276
281,256,261,250,2136,339,5,72,1001,34,555,62,137,72,494,352,162,190,255,250
324,261,272,254,1958,406,46,64,934,169,169,466,107,77,703,344,206,138,257,272
293,250,255,246,2210,349,10,66,1001,63,510,1001,128,73,417,339,165,174,246,248
51,271,278,265,2212,296,76,42,856,270,270,856,89,80,469,331,220,111,265,278
NA,NA,NA,NA,NA,NA,NA,NA,NA,NA,NA,NA,NA,NA,NA,NA,NA,NA,NA,NA
155,263,268,258,2466,400,15,63,1086,92,576,153,117,64,437,351,170,181,260,258
149,255,262,250,1678,304,39,67,821,140,170,801,95,81,488,316,199,117,250,257
153,259,266,251,2528,349,53,52,1023,179,238,938,85,77,579,322,212,110,255,266
10,266,272,260,2895,601,13,88,1618,49,49,1408,85,82,486,324,221,103,260,272
224,248,253,244,1781,297,25,64,846,112,197,846,110,82,358,316,182,134,244,247
NA,NA,NA,NA,NA,NA,NA,NA,NA,NA,NA,NA,NA,NA,NA,NA,NA,NA,NA,NA
107,272,280,265,2526,390,110,47,1102,348,348,812,93,79,624,339,222,117,266,280
51,269,278,263,1661,274,35,64,786,116,116,769,86,82,608,327,223,104,263,278
65,267,271,263,2019,415,36,79,1101,116,178,1039,102,87,283,327,210,117,264,268
332,252,258,247,2263,363,6,71,1057,36,596,68,139,71,494,351,157,194,250,247
146,264,272,257,2196,317,51,51,907,181,210,742,89,81,602,326,217,109,260,272
308,245,248,241,2074,327,17,68,965,59,487,111,131,77,323,330,161,169,245,241
303,258,267,252,2235,340,94,48,973,298,298,784,94,81,649,324,209,115,252,267
235,264,271,259,1810,289,7,73,845,33,70,739,117,74,460,344,186,158,261,267
NA,NA,NA,NA,NA,NA,NA,NA,NA,NA,NA,NA,NA,NA,NA,NA,NA,NA,NA,NA
336,253,257,248,1870,296,8,69,824,37,492,69,131,75,366,340,166,174,252,249
190,260,264,256,1731,292,13,65,738,67,245,692,116,77,330,337,187,150,257,261
286,253,259,247,2404,393,9,69,1088,44,350,1088,137,69,553,356,159,197,247,251
252,264,269,260,1873,321,4,76,892,23,255,826,123,75,386,345,181,164,261,264
13,270,278,262,2951,508,12,74,1413,67,67,1385,74,78,613,325,231,94,263,278
175,253,260,248,1830,325,42,65,884,146,172,808,95,80,513,314,196,118,248,259
234,251,253,247,1999,303,16,61,867,85,329,134,128,78,263,332,169,163,250,248
326,250,255,245,2348,376,9,68,1069,60,538,1068,130,71,460,344,163,181,245,248
258,256,261,251,2236,353,13,65,1005,76,498,1005,120,71,443,342,173,169,251,254
162,265,270,260,2269,313,39,51,925,164,469,925,105,71,440,338,192,146,260,263
330,258,267,251,2006,392,50,60,922,164,164,546,102,78,669,335,205,130,253,267
26,270,274,266,2479,428,46,73,1279,153,153,1182,103,88,309,331,214,117,268,274
386,248,256,240,2261,365,51,51,942,179,248,736,93,79,598,316,199,117,243,256
NA,NA,NA,NA,NA,NA,NA,NA,NA,NA,NA,NA,NA,NA,NA,NA,NA,NA,NA,NA
312,253,259,248,2206,345,14,65,981,76,497,981,119,72,447,337,172,165,248,251
314,253,259,247,2329,379,6,72,1091,35,623,67,141,70,525,355,155,200,250,248
NA,NA,NA,NA,NA,NA,NA,NA,NA,NA,NA,NA,NA,NA,NA,NA,NA,NA,NA,NA
183,261,265,256,1615,273,16,64,724,70,102,653,114,76,347,337,188,149,257,262
213,250,253,247,2027,312,28,62,908,101,297,156,126,80,269,328,172,156,249,249
357,250,256,244,2394,389,9,70,1091,41,372,1091,141,69,554,355,153,202,244,247
419,246,255,239,2230,369,48,53,942,170,238,721,94,79,617,316,198,118,242,255
352,259,268,254,2013,369,56,60,961,200,200,896,97,80,596,328,207,121,254,268
520,242,249,234,2439,425,10,72,1130,33,354,1108,141,68,621,351,145,206,238,240
244,257,263,252,2368,388,11,69,1072,52,328,108,131,67,528,355,161,194,253,252
266,252,257,247,2194,346,10,67,995,57,512,984,130,74,427,341,166,175,247,249
351,249,252,246,1935,288,20,60,782,78,321,782,124,78,263,329,171,158,246,248
373,253,262,245,2033,378,40,60,920,141,141,620,98,79,654,326,202,124,247,262
77,270,276,264,2102,298,71,46,845,236,285,826,98,79,473,334,211,123,266,270
149,258,265,253,1600,300,18,80,860,96,124,860,93,82,479,318,205,113,253,265
NA,NA,NA,NA,NA,NA,NA,NA,NA,NA,NA,NA,NA,NA,NA,NA,NA,NA,NA,NA
75,267,270,264,2025,419,32,81,1120,103,177,1053,103,88,246,327,210,117,265,268
71,267,274,260,1910,291,61,54,830,192,250,830,97,80,507,330,209,121,260,269
265,252,258,245,2105,362,8,70,980,49,291,104,129,67,572,345,154,191,250,246
NA,NA,NA,NA,NA,NA,NA,NA,NA,NA,NA,NA,NA,NA,NA,NA,NA,NA,NA,NA
51,268,275,262,2228,351,47,59,1000,181,182,841,93,83,539,329,218,111,263,274
322,260,270,253,2151,397,66,56,973,218,218,580,102,78,686,337,207,130,255,270
174,266,269,262,2114,421,18,84,1171,77,120,1116,104,83,257,329,205,124,264,268
501,244,250,237,2434,399,11,69,1089,47,347,1089,136,68,561,347,149,198,237,241
97,270,273,266,2135,405,21,80,1119,84,84,1105,101,84,287,332,212,120,269,273
74,268,276,262,1969,303,72,51,846,230,230,749,92,81,624,331,218,113,262,276
246,256,262,250,2145,339,26,60,942,117,403,942,108,77,472,327,187,140,250,255
31,271,274,266,2426,442,42,75,1281,142,142,1172,103,88,287,331,215,116,268,274
NA,NA,NA,NA,NA,NA,NA,NA,NA,NA,NA,NA,NA,NA,NA,NA,NA,NA,NA,NA
55,261,267,256,2302,419,29,65,1095,128,152,1095,97,82,407,325,208,117,256,266
NA,NA,NA,NA,NA,NA,NA,NA,NA,NA,NA,NA,NA,NA,NA,NA,NA,NA,NA,NA
137,248,255,243,2470,390,41,64,1103,154,163,1032,95,80,458,309,191,118,244,253
4,272,279,265,2842,472,18,71,1367,80,80,1366,77,81,538,324,230,94,266,279
158,259,266,251,2485,336,70,46,987,233,307,866,87,78,582,323,212,111,255,266
180,267,270,261,1728,267,4,70,764,31,252,70,127,75,354,351,182,169,267,263
251,251,256,246,1995,325,13,62,884,82,426,884,119,77,380,328,175,153,246,249
316,262,268,258,1765,289,3,76,835,18,225,49,122,73,444,344,179,165,260,260
180,267,270,261,1728,267,4,70,764,31,252,70,127,75,354,351,182,169,267,263
NA,NA,NA,NA,NA,NA,NA,NA,NA,NA,NA,NA,NA,NA,NA,NA,NA,NA,NA,NA
NA,NA,NA,NA,NA,NA,NA,NA,NA,NA,NA,NA,NA,NA,NA,NA,NA,NA,NA,NA
256,259,263,255,1737,282,11,69,817,54,90,656,113,74,371,336,184,152,255,261
269,254,258,251,1827,289,17,63,760,76,269,740,118,78,286,331,181,150,251,255
291,259,262,254,1737,273,5,70,766,31,266,64,129,75,359,345,173,172,259,255
92,271,279,265,2019,343,50,56,874,189,189,855,85,80,530,330,225,105,267,279
132,254,261,249,1891,362,30,70,928,115,150,893,95,81,475,315,198,117,250,260
276,250,258,243,2306,365,55,50,951,186,252,742,93,77,573,319,199,120,247,258
22,267,270,262,2612,417,55,63,1194,184,197,1098,105,88,312,330,211,119,264,270
5,273,280,266,2630,458,11,76,1329,66,127,1210,75,81,550,323,231,92,268,280
306,262,269,257,1607,274,3,78,779,12,184,46,123,72,511,345,176,169,259,259
23,268,274,262,2511,320,87,39,908,337,337,902,95,86,437,329,219,110,264,274
221,259,263,254,1749,294,19,67,789,80,211,725,108,78,315,330,193,137,257,260
NA,NA,NA,NA,NA,NA,NA,NA,NA,NA,NA,NA,NA,NA,NA,NA,NA,NA,NA,NA
232,260,267,253,2059,320,60,52,870,199,313,848,100,80,512,325,200,125,255,262
66,268,277,262,2234,361,59,58,995,196,196,918,93,81,614,332,218,114,262,277
227,265,270,261,2219,376,4,77,1104,31,265,64,125,74,362,348,181,167,264,264
35,266,270,262,2284,407,68,63,1068,209,209,1041,99,86,296,326,212,114,263,270
437,255,263,250,1290,222,3,77,609,16,161,164,122,73,532,338,172,166,252,255
13,270,278,262,2951,508,12,74,1413,67,67,1385,74,78,613,325,231,94,263,278
322,253,258,246,2364,386,6,72,1110,35,638,66,142,70,548,356,154,202,249,247
169,262,266,257,2012,356,24,72,998,96,169,985,104,84,316,325,202,123,259,265
366,248,253,243,2306,368,9,67,1048,54,552,1048,132,72,447,342,159,183,243,245
NA,NA,NA,NA,NA,NA,NA,NA,NA,NA,NA,NA,NA,NA,NA,NA,NA,NA,NA,NA
19,268,273,262,2232,325,56,55,948,190,199,871,98,85,415,330,216,114,266,273
94,263,269,258,2187,370,40,65,995,127,172,933,94,81,420,323,208,115,259,268
196,253,258,249,1844,306,17,66,866,95,201,866,110,83,342,320,189,131,249,253
88,271,275,267,2366,445,26,79,1261,90,132,1206,104,87,317,332,213,119,269,274
384,259,264,254,2202,366,5,76,1054,28,282,64,123,74,409,341,175,166,258,257
NA,NA,NA,NA,NA,NA,NA,NA,NA,NA,NA,NA,NA,NA,NA,NA,NA,NA,NA,NA
347,257,265,252,1279,209,6,73,607,28,149,206,118,72,529,339,177,162,253,258
63,271,278,265,2289,318,74,46,913,263,263,913,90,81,483,331,220,111,265,278
382,253,262,246,1979,325,45,53,851,181,245,659,93,80,657,320,204,116,247,259
199,259,263,256,1867,295,13,67,797,49,282,797,126,76,317,342,177,165,256,258
70,271,274,266,2422,444,31,77,1278,110,135,1208,104,88,327,332,214,118,268,274
NA,NA,NA,NA,NA,NA,NA,NA,NA,NA,NA,NA,NA,NA,NA,NA,NA,NA,NA,NA
15,270,276,263,3140,493,70,57,1378,234,234,1378,83,83,508,326,226,100,263,276
229,258,264,252,1276,252,9,79,672,47,178,100,120,74,441,338,176,162,257,255
257,265,275,258,2010,415,42,65,976,175,175,478,102,77,682,342,211,131,260,275
11,269,275,261,2831,549,16,84,1535,63,63,1372,82,84,509,323,226,97,262,275
17,271,278,264,1907,312,35,63,879,126,137,705,90,84,562,329,223,106,265,278
86,266,273,260,2162,340,60,59,958,200,226,939,93,80,536,329,214,115,261,268
299,253,260,248,2376,405,10,70,1094,52,335,100,136,68,575,355,156,199,249,249
5,273,279,266,2522,448,20,75,1290,84,136,1148,77,82,518,323,230,93,268,279
351,249,252,246,1935,288,20,60,782,78,321,782,124,78,263,329,171,158,246,248
104,270,279,263,2567,395,104,47,1113,352,356,880,92,81,622,335,222,113,264,276
275,255,260,249,2403,369,9,68,1071,57,336,1061,131,69,510,352,164,188,250,252
307,248,255,241,2356,366,58,48,960,198,260,759,93,76,543,317,195,122,244,255
459,245,251,238,2435,405,10,70,1097,41,356,1097,139,69,583,350,149,201,238,243
149,263,268,259,2296,352,19,60,1019,113,346,207,109,66,413,344,179,165,260,260
313,252,257,247,2347,379,9,69,1071,45,356,1071,137,70,489,351,158,193,247,248
190,265,269,261,2060,328,5,72,944,38,271,86,127,75,335,349,181,168,262,263
355,252,260,244,2217,354,51,51,916,188,259,730,93,80,631,320,204,116,247,260
172,253,260,248,1853,322,44,64,884,148,173,800,95,80,532,314,196,118,248,259
311,255,260,252,1783,286,12,68,835,63,101,835,113,74,368,333,181,152,252,258
250,256,262,251,2387,373,10,68,1079,65,331,1061,128,69,491,350,167,183,251,253
316,247,252,243,2054,314,15,63,908,67,469,895,125,77,377,329,167,162,243,245
169,264,270,259,2393,342,46,52,972,165,507,972,106,73,427,337,192,145,259,262
67,264,272,256,2387,348,28,61,1007,110,150,956,81,77,593,325,221,104,260,271
58,267,271,262,2489,450,46,70,1256,172,210,1162,101,85,343,329,211,118,263,270
194,258,265,250,2403,334,69,45,953,225,294,813,90,79,585,323,210,113,253,265
NA,NA,NA,NA,NA,NA,NA,NA,NA,NA,NA,NA,NA,NA,NA,NA,NA,NA,NA,NA
258,256,260,252,1737,288,17,65,742,75,236,704,115,78,314,331,185,146,254,257
200,268,272,262,2198,354,6,73,1012,36,292,84,124,73,379,351,183,168,268,265
